batch,index,music,hashtag,author,likes,comments,shares,saves
1,0,original sound - REEKON Tools,,reekontools,640800,3858,105200,77600
1,1,I Wouldnt Mind - ♱,"christiantiktok, christianhumor, christianjokes, christiancomedy, christian, christianitytiktok, godisgood, jesussaves, jesusislord",dangmattsmith,162900,2900,21100,674
1,2,original sound - sarah.,"winter, harrypotter, ice, icecicles",wetknees777,2800000,12100,202800,54400
1,3,YKWIM? - 东 百 下小 雨,"viral, sad, love, pain, real",silkyslive,560700,20200,53900,7724
1,4,original sound - HEROIC,,heroicgg,703600,2230,77500,15000
1,5,original sound - sinmo,"foryou, movie, storytime, fyp, dharmann",sinmo.studio,70000,379,7404,256
1,6,original sound - hoodessentials,,hoodessentialz,25900,86,2031,27
1,7,original sound - Holden Davenport,@ashperez201,holdendavenport,250700,11300,27100,3414
1,8,original sound - Lustra Clear,"fyp%E3%82%B7, randomfacts, viral",lustraclear,251500,57400,22400,115300
1,9,TEACH ME HOW TO DRILL - Lil Mabu & Fivio Foreign,"@fsjeditz, fyp%E3%82%B7, lilmabu, fivioforeign, hood, nerd, viral, nydrill, ukdrill",lilmabu,574500,1451,38500,1449
1,10,13 Angels Standing Guard 'Round The Side Of Your Bed - Silver Mt. Zion,"alaska, ircenrraat, alaskanlittlepeople, yupik, inuit, alaskan, haunted, urbanamerica, horrorai, history, aistorytelling, urbanlegendsforeverystate, scary, horror, urbanamericaaiart, aiart, explained, caught, footage, sighting, real",urbanamerica,4600000,41900,510800,114500
2,0,original sound - Rach Sullivan,,rachsullivan__,81100,133,754,32
2,1,original sound - Rach Sullivan,,rachsullivan__,181300,378,3631,214
2,2,original sound - Rach Sullivan,,rachsullivan__,173800,2398,2126,125
2,3,original sound - Rach Sullivan,", loccitanepartner",rachsullivan__,17300,91,211,89
2,4,original sound - Rach Sullivan,@halle_prebs,rachsullivan__,111800,236,2258,705
2,5,original sound - Rach Sullivan,,rachsullivan__,24900,96,261,43
