batch,index,music,hashtag,author,likes,comments,shares,saves
1,0,I Wouldnt Mind - ♱,"christiantiktok, christianhumor, christianjokes, christiancomedy, christian, christianitytiktok, godisgood, jesussaves, jesusislord",dangmattsmith,162900,2900,21100,676
1,1,original sound - REEKON Tools,,reekontools,640800,3859,105200,77600
1,2,original sound - YSK Podcast 🎙️,"yskpodcast, youshouldknowpodcast",yskpodextra,364800,3675,24000,463
1,3,Clouds - Aitan A.I.,"@kotaroouu, wow, howitsmade",trendygabriel,2100000,15800,200200,11700
1,4,Monkeys Spinning Monkeys - Kevin MacLeod & Kevin The Monkey,"trend, couples, funny, vira, viralvideo, prank, prankonboyfriend, fyp, foryou, foryoupage, trend, trending",janieceandisaiah,198600,4853,9685,5182
1,5,original sound - Lil Tony Fr,"heart, fyp, ontopmelo, fyp%E3%82%B7, romantolit",ontopmelo__,52400,597,7756,142
1,6,original sound - crystaljean1,"sillyshenanigans, christmastime, portchesterpolice",crystaljean167,12600,0,1760,156
1,7,YKWIM? - 东 百 下小 雨,"corecore, emotionaledit, sadcore%F0%9F%A5%80, real",moneyupbsy,143100,1019,12400,138
1,8,original sound - J’Amore,"fyp, reels, jamore, father, dad, parent, explore, tiktok, jamorelove, parenting, parentingtips, dadsoftiktok, gentleparenting, kids, kidsoftiktok, food, restaurant, love, foodie, love, foodreview, foodlover, mrjaysfoodreview, jamalmorton, thelovefamily",jamore.love,811600,5777,68600,3340
1,9,original sound - Funnycute.baby 😘,,funny.baby.111,453000,1011,44500,8792
1,10,original sound - Tayo Ricci,,tayoricci,20800,313,2038,104
