batch,index,music,hashtag,author,likes,comments,shares,saves
1,0,I Wouldnt Mind - ♱,"christiantiktok, christianhumor, christianjokes, christiancomedy, christian, christianitytiktok, godisgood, jesussaves, jesusislord",dangmattsmith,162900,2900,21100,676
1,1,original sound - REEKON Tools,,reekontools,640800,3859,105200,77600
2,0,original sound - DDE,,user8239080460566,218300,2926,11900,1672
2,1,original sound - guy with the list 🗒️,"ick, icks, redflags, redflag, icklist, list, fyp, viral",wyszkay,3000000,29000,232100,89500
2,2,original sound - Aethryn,"texts, texting, textingstory, textingstories, minecraftparkour",aethryn,1600000,11600,208300,89200
2,3,original sound - inspiredman,"motivation, videoviral, masculinity, mentalhealth, feminism",inspiredman6,87300,2992,18100,1276
2,4,Dandelions (slowed + reverb) - Ruth B. & sped up + slowed,"fyp%E3%82%B7, trending, viral, couple, couplegoals, love, boyfriend, themacfamily",themacfamily,643000,0,38800,16600
2,5,09.08 lançamento - Meno Felps,"funny, fitcheckmeme",lilyungtoaster,311400,1793,40500,8108
2,6,Cha Cha - ZEDDY WILL,,kai_cenat,8000000,46000,616600,26800
2,7,original sound - Jordan_The_Stallion8,fyp%E3%82%B7,jordan_the_stallion8,1400000,10400,199500,12800
2,8,original sound - The coffiefx,"fy, forextrading, tiktok, fyp, tr, moneyonlineforbeginners, kids",thecoffieforex,186400,1178,7966,1195
3,0,original sound - Nieka Richard,"@wockhardt03, principalrichard",niekarichard,8500000,107700,686500,129699
3,1,original sound - JSCM_movies,"movies, foryou, movie, movieclips, fyp",jscm_movies6,590700,19800,113200,12900
3,2,brian is the most beautiful - ❀,"viral, fyp, real, mentalhealth, relatable, sad, sadrelatable, imtired, mentalhospital",someone...idk7,1000000,0,68000,1571
3,3,Very Sad - Enchan,"wifi, wifimoney, fypdonggggggg, she, mad, videoviral, fypage%E3%82%B7, fypdonggg, fypage%E3%82%B7%E2%99%A1%E2%9D%A4%EF%B8%8F%F0%9F%A7%BF, video, man, sad, fyppppppppppppppppppppppp, videojuegos2023",videos7240,272900,4639,33700,6515
3,4,original sound - ANGRY GRANDMA,"fyp, angrygrandma, comedy, shopping, christmas, viral, trending, makethisviral, funny, hilarious, trynottolaughtiktoktv",angrygrandma18,639400,7538,71300,126100
3,5,original sound - Deesh🌹,@kellyann2812,baddiegyals_,123800,563,7896,744
3,6,Love You So - The King Khan & BBQ Show,,chypdeplo1,3300000,58600,645800,88300
3,7,Meow - Dust☆,"@cofflefish, voiceover, voiceovers, elsa, elsafrozen, anna, annafrozen, frozen, frozenmovie, frozenmoment, frozenmoments, frozenelsa, frozenanna, elsaandanna, annaandelisa, frozenelsaandanna, arendelle, disney, disneymovies, disneymovie, disnevplus, disneyanimation, disneyplus, disneyfrozen, princessanna, queenelsa, princehans, hans, princehansofthesouthernisles, hansofthesouthernisles",risottosimp3000_3.0,47200,1107,9816,1944
4,0,original sound - bijeshahyoju❤️,"student, studytok, studywithme, discipline, workhard, grades, fyp, foryou, foryoupage, learnontiktok, exam, study, motivation, studyhacks, studytips",study.motivaton.for.you,494300,1664,178100,16400
4,1,original sound - soph,,.sophiaquintero,46300,142,2412,52
4,2,original sound - Jake,"fyp, fyp%E3%82%B7, fyp%E3%82%B7%E3%82%9Aviral, pledge",jacobjames_330,643200,2326,28200,2939
4,3,original sound - TheCheerHub✨,"allstarcheer, cheerleading, cheertok, allstarcheerleading",thecheerleadinghub,9231,49,770,72
4,4,original sound - Power106LA,"sza, ihateu",power106la,2559,5,138,33
4,5,Confidence (sped up version) - Ocean Alley,,leirvn16,1400000,9200,89700,53400
4,6,original sound - ilham - 🎧<𝟛,,sadie_crowell,210700,930,5815,593
4,7,original sound 🕷️ - katie,"tristandugray, chadmichaelmurray, lucasscott, gilmoregirls, kziev, fyp, edit, viral",kziev,21700,200,5650,191
5,0,dance the night away sped - 💗 S O U N D S 🐆,"taylorxhairstyles, hairstyle, halfuphalfdown, hair, hairtok, school, schoolhairstyles, schoolhair, clawclip, clawcliphack, hairhack",taylor_pfeffer,63300,355,17500,2111
5,1,original sound - baylorbrand,fortnite,baylorbrand,172600,433,17400,295
5,2,original sound - FreedPosher,"caseoh, jynxzi, caseohgames, jynxziclips, caseohfunnymoments, jynxzirage",freedposher,1300000,4358,125700,2860
5,3,Rio romeo - 𝖑𝖚𝖍'🕷 ★,pou,pouplushiess,2400000,30200,249100,89900
5,4,castles - 🦇🎶,"fyp, fyp%E3%82%B7, tattoo, tattooartist, tat, tattooideas",anmarie.lynn,874500,3128,54900,1920
5,5,original sound - emily | girly tips 🩷,"grwm, girlytips, fyp",emilylulamay,662000,4021,33000,920
5,6,original sound - More Co1in,,moreco1in,709200,1956,53000,1146
5,7,Salt water soup - Irongut77,theopphilus,t.heophilus,1500000,5302,55300,4251
