batch,index,music,hashtag,author,likes,comments,shares,saves
1,0,original sound - ®️ Louieveegang💙,@louieveemoonteenmoonfam,louieveedee,297300,1571,20300,721
1,1,,fyp,,3000000,10600,151100,13300
1,2,,igmirandahhmarie,,409000,1795,44600,7125
1,3,,"fyp%E3%82%B7, relatable, trending, aylecia, xybca",,263600,1060,41300,3720
1,4,,"@iloverussellwilson, @888tweak, football, nba, kobe, soccer, neymar, fyp, foryou",,814700,2603,81000,1266
1,5,,,,25300,195,2429,2243
1,6,,"fyp, viral, blowthisup",,1400000,4963,203700,13800
1,7,,,,160200,552,15400,157
2,0,,"traviskelce, taylorswiftedit, tayvis, tayvisnation, taylorswift, taylorswifttraviskelce, superbow",,5557,163,539,280
2,1,,"superbowl, superbowl58, superbowlsunday, superbowllasvegas, celebrities, lasvegas, joyofeverything, tombrady",,293100,5935,13300,6643
2,2,,"@traviskelce, superbowl, taylorswift, traviskelce, kansascitychiefs, nfl",nfl,101200,1630,3175,1341
2,3,,"swifttok, taylorswiftcalendar",,50500,223,4194,1051
2,4,,"tredcals, tredcal, football, smallbusiness, sports, athletics, athlete, espn, sportscenter, nfl, superbowl, vegas, usher, kansascity, chiefs",,109100,283,3034,241
2,5,,"tswift, taylorswift, traviskelce, swiftie, swifttok, erastour, erastourtaylorswift, tayvis, taylorsversion, eras, theerastour, traviskelce, chiefs, taylorswifttraviskelce, superbowl, superbowl2024",,9692,24,229,191
2,6,,"tayvis, tayvisnation, travisklece, taylorswift, taylorandtravis, taylorsversion, swelce, couple, swifties, reptv, romance, newheights, chiefs, %EF%BC%83nfl, tavlorsversion",,434300,930,26700,5926
2,7,,"nfl, superbowl, traviskelce, kelce, chiefs",nfloncbs,149100,644,3310,1240
2,8,,"taylorswift, swifttok, taylorsversion, taylornation, swiftie, swifties, traviskelce, chiefs, taylorswifttraviskelce, traviskelcetaylorswift, tstheerastourfilm, erastourtaylorswift, erastour, jasonkelce, kyliekelce, newheightspodcast, newheight, tayvis, tayvisnation, swelce, kansascitychiefs, superbowl2024, superbowl, mvp",,7056,42,246,302
2,9,,"taylorswift, swifttok, taylorsversion, taylornation, swiftie, swifties, traviskelce, chiefs, taylorswifttraviskelce, traviskelcetaylorswift, tstheerastourfilm, erastourtaylorswift, erastour, jasonkelce, kyliekelce, newheightspodcast, newheight, tayvis, tayvisnation, swelce, kansascitychiefs, superbowl2024, superbowl, mvp",,28600,182,954,462
2,10,,"traviskelce, donnakelce, nfl, superbowl, kansascitychiefs",people,47000,178,1082,209
2,11,,"jasonkelce, kyliekelce, kansascitychiefs, nfl, superbowl, @nfloncbs",nfl,153100,1775,3278,1261
2,12,,"nfl, superbowl, chiefs",nfloncbs,120300,202,3805,976
2,13,,"creativeuniverse%F0%9F%8C%8F, fyp, fyppppppppppppppppppppppp, speaking, publicspeaking",,1245,227,126,108
2,14,,"superbowl, traviskelce, kansascitychiefs, nfl",nfl,74200,1596,2075,1915
2,15,,"nflplayoffs, superbowllviii, traviskelce",chiefs,32000,280,985,63
2,16,,"nfl, superbowl, chiefs, 49ers",,629300,13300,145200,12300
2,17,,"nflhonors, traviskelce, taylorswift, superbowl",gqsports,7317,194,213,221
2,18,,"taylorswift, swifttok, taylornation, swiftietiktok, swifttoker, swifttoks, swiftliketaylor, taylorswiftlover, traviskelce, kansascity, kansascitychiefs, chiefs, nfl, trayvis, tayvis, traylor, jasonkelce, mamakelce, kelcebrothers",,41800,145,1337,485
2,19,,@therealbradparker,thescore,449800,3117,10600,9798
2,20,,"swiftietiktok, superbowl2024, kansascitychiefs, nflswiftieversion, taylorswift, kelcebrothers, traviskelce",,11800,63,523,166
2,21,,"nfl, superbowl, chiefs, traviskelce, kelce, usher",gqsports,15800,122,647,219
