batch,index,music,hashtag,author,likes,comments,shares,saves
1,0,original sound - 𝔍𝔞𝔰🌺🫧,fyp,jascas55,2200000,10300,280000,58500
1,1,original sound - YahneOfficialASMRBarbie,"facecard, asmrbarbie, asmr, asmrglue",yahneofficial,2700000,6160,136500,14300
1,2,original sound - em ma,"@emmiolofficial, fyp, xyzbca, dedgirl, pinkhair, makeup, emmiol, emmiolgal",elm0zwrld,673400,6808,57800,1008
1,3,original sound - Court House,"fyp, judge, fyoupage",court.house6,1700000,10300,84100,12700
1,4,original sound - Kristy Sarah,realisticcake,kristy.sarah,1200000,2574,52700,6177
1,5,original sound - The editor,"trending, viral, viralvideo, foryou, foryoupage, fyp%E3%82%B7, xyzabc",random.editzz7,553000,2834,82900,3263
1,6,original sound - Dr. Remix,"chiropractic, chiropractor, satisfying, asmr, foryou, fyp, catsoftiktok, catlover, cattok",dr.remix,5800000,22500,367200,105900
1,7,AIN'T GONNA ANSWER - NLE Choppa & Lil Wayne,@kaitlynkmiller,saidee.nelson0,135700,767,11900,194
1,8,original sound - Isa,"fyp, fyp%E3%82%B7, foryoupage, parati, favoritememories, macho, beba, brothersisterlove, thanksgiving, 2023",beauty__isa,442100,573,18100,794
1,9,original sound - Jaden,,jaden,231400,878,7427,344
2,0,son original - 💐𝐵🪐,,brookemonk_,2300000,4314,133500,4114
2,1,Happy Vibes - ElectroAnimals,"mom, momhack, hack, moms, baby, babies, motherhood, velcrow, toddler, babymama, momsoftiktok, fyp, momtok",ljflommom,2200000,21400,160600,189300
2,2,original sound - sarah.,"winter, harrypotter, ice, icecicles",wetknees777,2800000,12100,202900,54400
2,3,original sound - Celow brown 🖤,"fyp, neveragain, blowthisup, wrongchoice, fyp, rodwave, relatable",abdi.mali5,1300000,7224,107200,24700
2,4,Мой мармеладный (Я не права) - Катя Лель,"fortniteclips, fortnite, fortnitebr, fyp",zxsquids,230100,1765,34100,1434
2,5,Monkeys Spinning Monkeys - Kevin MacLeod & Kevin The Monkey,"boardgames, gamenight, couple, fun",games4two,37500,64,1478,185
2,6,original sound - katie,"zednecrodopolis, zed, milomanheim, zombies, zombies2, zombies3, disney, disneychannel, kziev, viral, edit, fyp",kziev,369700,4254,94800,3389
3,0,original sound - crystaljean1,"sillyshenanigans, christmastime, portchesterpolice",crystaljean167,12800,0,1800,158
3,1,brian is the most beautiful - ❀,"viral, fyp, real, mentalhealth, relatable, sad, sadrelatable, imtired, mentalhospital",someone...idk7,1000000,0,69900,1599
3,2,original sound - Zach Choi,"tiktokfood, asmr",thezachchoi,4900000,25600,519100,84900
3,3,Moot for moot - jjfroshcomedy,"mootanyone, fyppppppppppppppppppppppp",promisegym,63800,22400,6614,19300
3,4,оригинальный звук - никто,,kawaiisofey,104200,268,15500,833
3,5,original sound - Eugene Animated,"familyguy, petergriffin, fyp, familyguymeme, familyguyclips",eugeneanimatedoff,216900,532,27700,332
4,0,original sound - Mind Blowing Facts,"creepy, facts, creepyfacts, learnontiktok, factsyoudidntknow, curiosities, satisfying, relaxing",mindblowingfacts16,11300,2194,1044,8351
4,1,original sound - Cassie,hasselbackpotatoes,cassyeungmoney,3300000,8203,1200000,127800
4,2,original sound - Fargo Diamond,"fyp, foryoupage, viral, explore, funny, hilarious, laugh, kids, daughter, parents, comedy",fargodiamond,7100000,55200,677200,251900
4,3,nhạc nền - Kiara,"salishmatter, hudsonmatter, saysaymatte, saymatte, fatherdaughter, date, daughter, mydaughter, viral, trending, fyp, saysaymattter",kiara_fanus,283300,1104,23100,609
4,4,original sound - Marianna Ponce,"fyp, foryoupage, fyp%E3%82%B7, lol, omg, relateable, justjokes, trending, nieceandaunt, justforlaughs, kidsaaythedarnestthings, kidssaythefunniestthings, kidsbelike, viral, notthatserious, fake, advicefroma6yrold",mariannaponcee,766700,12700,63000,86000
4,5,оригинальный звук - никто,,esterbron1,44100,372,141600,477
4,6,original sound - Comedy Prank,,toothlossfunny,5561,2,639,173
5,0,original sound - Brent Rivera,,brentrivera,23700,86,1182,16
5,1,original sound - Thank baby 😘❤️,"foryou, video, foryoupage, tiktok",southpark123654,5115,7,432,4
5,2,original sound - wefxbmk,"pov, yummy, foryou, jungkook, fyp%E3%82%B7%E3%82%9Aviral, %F0%9F%8C%B9%F0%9F%8C%B9%F0%9F%8C%BA%F0%9F%8C%BA%F0%9F%8C%B8",wefxbmk,309800,2233,14600,557
5,3,original sound - TTmovie,"cartoon, thesimpsons, tiktok, foryou, fyp",lmhyyuzcwz8,2428,11,231,9
5,4,original sound - Handsome Leonard,"tvshow, fyp, foryou, tiktok",handsome.leonard1,15400,22,512,23
5,5,original sound - Pink Mango💖,"piinkmango, fyp",piiinkmangooo,739500,23800,68600,5424
5,6,nhạc nền - Meme!,,memescute_usa,841300,7744,147300,14900
5,7,original sound - Mo Styles,"@fearlessfredfury, curlyhairroutine, curlyhairtutorial, curlygirlmethod, curly, curlygirl, curltok, curlroutine, hairtok, itgirl, thatgirl, hairgirl, curls, curlscheck, curlyhairtips, curlyhairbeginner, curlyhairjourney, curlyhaireducation, longcurly, longcurlyhair, easycurlyhairroutine, hairroutine, curlyhairhelp, curlyhairhealth, curlygirlproblems, curlygirlapproved, curlyhairtutorials, curlyhairtutorialvideo, curlssssssssss",mo__styles,298000,1688,57400,1764
5,8,son original - Micka,"fyp%E3%82%B7, wheniwasakid, relatable, ladywiththebendyface, xyzbca",crystal.g.katsini,686300,3808,69600,4920
