batch,index,music,hashtag,author,likes,comments,shares,saves
1,0,original sound - REEKON Tools,,reekontools,640800,3858,105200,77600
1,1,I Wouldnt Mind - ♱,"christiantiktok, christianhumor, christianjokes, christiancomedy, christian, christianitytiktok, godisgood, jesussaves, jesusislord",dangmattsmith,162900,2900,21100,674
1,2,الصوت الأصلي - AYMAN - ايمن,"%F0%9F%A7%95, allah%E2%9D%A4%EF%B8%8F, islamic_video, %E1%8A%A0%E1%88%8D%E1%88%80%E1%88%9D%E1%8B%B1%E1%88%8A%E1%88%8B%E1%88%85_%E1%88%99%E1%88%B5%E1%88%8A%E1%88%9D_%E1%88%8B%E1%8B%B0%E1%88%A8%E1%8A%A8%E1%8A%9D_%E1%8C%8C%E1%89%B3, ethiopian_tik_tok, oromotiktok%E2%9D%A4%EF%B8%8F%F0%9F%92%9A%E2%9D%A4%EF%B8%8F",yasimine430,1775,169,3069,611
1,3,apathy - Øneheart,jackdoherty,jackdoherty.com,47300,610,6109,67
1,4,another love - ✨️,"pandaspans, tourettes, tourettessyndrome, foryou, awareness, tics, jawtic",thistrippyhippie,1400000,18600,94000,7161
1,5,original sound - QnA 🗣️,"@rizz.app, texts, texting, rizz, textingstory",answeredintiktok,72800,209,13400,608
1,6,original sound - Brysun,,trillbrysun,221200,1574,23700,6777
1,7,"Suspense, horror, piano and music box - takaya","fyp, foryou, movie",cutpandamovies,17900,85,2366,52
1,8,original sound - Isaacclips,,bespamin,1200000,5996,118800,10800
1,9,original sound - Coree Ray,"dadfalls, slip, slippery, slick, blackice, tiktokfamily, ringcamera, caughtoncamera, familiesoftiktok, comedy, falls, dontfall, ouch, dontfall, @iammelving",coreeray,1200000,1619,54800,3425
2,0,#CERTIFIED (feat. DJ Ess) (DJ Ess Mix) - BabyTron,,coolmanvan,3400000,17200,425100,128699
2,1,The Champion - Lux-Inspira,"hoof, foryou, hoofpicking, hoofcare, hoofgp, hoofcleaning, hooftriming",horseshoofs,479200,2752,19000,3782
2,2,Roslyn - Bon Iver & St. Vincent,@isleeptalkalot,romanlolo,4000000,24400,408800,29100
2,3,original sound - sherrin and yixi,,sherrinandyixi,9800000,49800,740700,172000
2,4,original sound - Funniest,,baby_ok125,632700,29100,87800,70500
2,5,original sound - Starlady ⭐️,,starladyledi,745000,3653,35900,4639
2,6,original sound - harry daniels,"joshhutcherson, fivenightsatfreddy",harry.daniels,12800000,138800,1200000,254500
2,7,original sound - alex,,andrewemily16,290100,2846,9259,7507
2,8,original sound - MistaMemes,,bigyuyu17,4900000,23200,397900,98100
2,9,original sound - hendriksvibes,,sofiemer,14000000,0,1400000,135300
2,10,Brutus (Instrumental) - The Buttress,"trend, uncannyvalley, wierdcore, dreamcore",guinutil,6200000,25600,484900,33000
2,11,som original - Ueliton Brasil,"zealot, jbl, extreme, extremebass, zealotspeaker, fun, music, fyppppppppppppppppppppppp, viral, tiktok, trend",theroseboy2005,2600000,10500,144800,8233
2,12,Living in a Haze (Instrumental) - Milky Chance,,momentsgang,878000,22100,54600,9334
2,13,original sound - Winver The Waving Kitty,"catsoftiktok, ragdollcat",winverwaves,9000000,21700,512900,220600
2,14,My Heart Will Go On (Titanic) - Maliheh Saeedi & Faraz Taali,"meme, fyp, xuhuong, funnyvideos",meme_vidar,2400000,18500,347500,123900
2,15,original sound - 𝒎𝒊𝒏𝒚𝒊𝒏,capcut,jxst.sxraa,2400000,9653,246200,25100
2,16,original sound - Macro Studio,"amazing, transition, transitions, transitiontutorial, foryoupage, fyp, transitionvideo",macro_studio,6400000,15500,319400,32200
2,17,som original - W&K,"@xavier121093, behindthescenes",lalequita,3600000,4623,134100,5159
2,18,オリジナル楽曲 - Oh,,txt.bighitent,4800000,65200,455100,68900
2,19,Originalton - YZ,"yzfamily, football, snow",youneszarou,2400000,13300,180100,17800
2,20,الصوت الأصلي - ديري,"trending, fyp, funny, funnyvideo",_funny.official,86100,341,17900,9275
2,21,original sound - Funny Edit,,dat.lammeme,5400000,84500,409400,288300
2,22,nhạc nền - Bách Tường,"fyp, foryou, foryoupage",chengkhen2k2,1900000,10700,65700,5140
3,0,original sound - Funzy🤪,"explorepage, viraltiktok, funzygames",fun..zy,2200000,17000,260500,67000
3,1,original sound - Cameron Whitt,"fyp, foruyou, foryoupage, pranks, prank, troll, trolling",cameronwhitt,147500,378,12400,1961
3,2,original sound - #v4mp,,brysonwebb2,36,2,2,0
3,3,original sound - ZakZakk,,funnymoments.0342,20500,91,1762,86
3,4,original sound - NXELER,"@dew.dude0, 711",atlozxs,127800,939,29200,2887
3,5,original sound - Ross Smith,,rosssmith,75700,2756,5956,2984
3,6,original sound - Miss_Snowwolf_jku,,miss_snowwolf_jku,277700,676,26700,775
3,7,original sound - billy,"lifestyle, party, drinking, vape, fun, holidays",billyvsco,166800,1109,7107,678
3,8,original sound - Grandview HS Cheer,thejiggyprince,thejiggyprince,122500,141900,9809,1144
3,9,1 second count / when button pressed / time signal 03(1107043) - QUESS,"noncity, yap, interestingfacts",noncityyy,302100,74300,41800,55100
3,10,오리지널 사운드 - ZEPETO Official,"blackfridayzepeto, capcut, blackfridayzepeto, BlackFridayZtyle, ZEPETO, Blackfriday2023, BlackFridayZepeto, ZEPETO, BlackFriday, blackfriday2023, blackfridaydeals, blackfridaysale, ootd, zepetofyp, fyp, zepetoedit, zepetopreppy, zepetofamily, imvu, roblox, sims, minecraft",zepeto.official.tt,16700,385,2591,168
3,11,Very Sad - Enchan,"kid, attacked, wifi, fy, fyp, videoviral, video, fypage, sad, fypdonggg, wifipassword",videos7240,397600,7235,44900,9852
3,12,original sound - Mr. Chamberlain,greenscreen,doulieupnext,122200,60400,23500,2886
3,13,original sound - Wren & Jacquelyn,drinkchallenge,wren.eleanor,671500,2583,25200,2045
3,14,YKWIM? - 东 百 下小 雨,"viral, sad, love, pain, real",silkyslive,35600,272,3559,125
3,15,original sound - Jason Momoa,@tatemcrae,prideofgypsies,6500000,57300,276900,132600
3,16,original sound - showout dj,"explorepage, trending, fyp",showoutdj_,43700,260,7553,178
3,17,I Wouldnt Mind - ♱,"christiantiktok, christianhumor, christianjokes, christiancomedy, christian, christianitytiktok, godisgood, jesussaves, jesusislord",adhd.prince,1100000,5670,76400,15900
3,18,Thank You for Being You - OctaSounds,"film, movie, foryou",xiwangnenghao,55400,214,4730,773
3,19,original sound - BAT Choppa,,batchoppa,421200,3672,54500,2953
3,20,original sound - Ken & Mel 𖨆♡𖨆,"kenandmel, @kenandmeli",kenandmel,602900,1952,50400,4464
3,21,BASTA THUNDER KINEMEROT SIYA - jae's,"fyp, diet, gym, fitness, camping",pookieateacookie,7610,770,1083,113
3,22,lucid dreams YKARE cover - ykare,"juicewrld, luciddreams, fyp%E3%82%B7%E3%82%9Aviral",whyk4re,3800000,18500,355400,73800
3,23,original sound - PodPill,"whateverpodcast, fyp",podpill_,68300,11100,5245,2355
3,24,Creepy and simple horror background music(1070744) - howlingindicator,"facts, randomfacts, learnontiktok, satisfying, factsyoudidntknow, curiosity",calgenius,4788,827,1136,4685
3,25,original sound - Elroy Red Beard,"fyp%E3%82%B7, foryou, foryoupage, fyp, fy, indiana, waaaygood, everydayfunday, pinkysup, jasonwhatareyoudoing, ayoooo, longervideos",elroyredbeard,1100000,31900,91000,106700
3,26,bless. - suritasarapist69,"jackdoherty, real",jackdoherty.com,3861,98,411,11
3,27,sonido original - halo,"diamantblazi, seckoff, bball, basketball, fyp, dance, gamewin, gameday, viral, foryou, trend, floridabasketball, florida, usa, usabasketball, trio, dunk",diamantblazi,565000,2743,36200,4210
3,28,original sound - GoofyCredits,"meme, real, spelling, hood, black, funny, fyp, fyp%E3%82%B7, viraltiktok",goofyahcredits,455600,3477,49200,23800
4,0,original sound - Tayvis World,"taylorswift, swifttok, taylorsversion, taylornation, swiftie, swifties, traviskelce, chiefs, taylorswifttraviskelce, traviskelcetaylorswift, tstheerastourfilm, erastourtaylorswift, erastour, jasonkelce, kyliekelce, newheightspodcast, newheight, tayvis, tayvisnation, swelce, kansascitychiefs, superbowl2024, superbowl, mvp",tayvisnationn,27900,142,1479,1292
4,1,original sound - Kane 🖤♱,"nfl, mahomes, superbowl, chiefs",nfloncbs,128400,671,3509,1413
4,2,original sound - ESPN,"spongebob, fumble, superbowl, chiefs, 49ers, patrickstar",espn,500700,1806,39900,31900
4,3,Little Life - Cordelia,"fyp, taylorswift, traviskelce, chiefs, donnakelce, nflplayoffs, nfl, kansascity, swifttok, swiftie, viral, trending, blowthisup",saywhaaatt1,100700,428,4070,2199
4,4,2real - ‍‍‍‍‍czrses,"nfl, georgekittle, 49ers, superbowl",nfloncbs,24100,152,1180,217
4,5,snow on the beach ft more lana del rey - r & m <3 ⸆⸉,"taylorswift, swifttok, taylorsversion, taylornation, swiftie, swifties, traviskelce, chiefs, taylorswifttraviskelce, traviskelcetaylorswift, reputationtaylorsversion, tstheerastour, tstheerastourfilm, erastourtaylorswift, erastour, jasonkelce, kyliekelce, newheightspodcast, newheights, reputationtaylorsversion, thetorturedpoetsdepartment, superbowl",bethany_pendleton13,318100,779,10200,6075
4,6,"Carmen Habanera, classical opera(1283412) - perfectpanda","donnakelce, traviskelce, jasonkelce, superbowl, superbowl2024, kcchiefs, kansascitychiefs, superbowlads, taylortravis, taylorswifttraviskelce, fyp, viral, greenscreen",kylazingaround,5304,203,237,46
4,7,original sound - Courtney Crain,"swiftietiktok, superbowl2024, kansascitychiefs, nflswiftieversion, taylorswift, kelcebrothers, traviskelce",courtneymarycrain,11800,63,523,166
4,8,original sound - CiscoKid & Kenna,"fyp, 49ers, superbowl",kennalovescisco,260399,4579,6973,1397
4,9,NFL on Fox (Trap Remix) - Trap Remix Guys,"foryoupage, superbowlsunday, superbowlprediction",ashleytsims,36800,857,1057,17
4,10,1901 - Instrumental - Phoenix,"jasonkelce, kyliekelce, kansascitychiefs, nfl, superbowl, @nfloncbs",nfl,153200,1775,3278,1262
4,11,Confidence (sped up version) - Ocean Alley,"superbowl, traviskelce, kansascitychiefs, nfl",nfl,74200,1597,2076,1916
4,12,original sound - Kristy Sarah,"superbowl, usher, usherbowl, halftime",kristy.sarah,290000,409,8118,613
4,13,original sound - Barstool Sports,"@stoolbackstage, @romibean",barstoolsports,231700,1081,6499,882
4,14,original sound - TJ (Taylor’s Version),"taylorswift, swifttok, taylorsversion, taylornation, swiftie, swifties, traviskelce, chiefs, taylorswifttraviskelce, traviskelcetaylorswift, reputationtaylorsversion, tstheerastour, tstheerastourfilm, erastourtaylorswift, erastour, jasonkelce, kyliekelce, newheightspodcast, newheights, reputationtaylorsversion, thetorturedpoetsdepartment, superbowl",bethany_pendleton13,573700,1575,15200,13500
4,15,Football Champs (Overdue) - SNC,"patrickmahomes, chiefs, superbowllviii, lasvegas",chiefs,570000,2802,17000,6821
4,16,Confidence (sped up version) - Ocean Alley,"@traviskelce, traviskelce, nfl, superbowl, taylorswift, kansascitychiefs",nfl,31000,1037,1035,356
4,17,original sound - ESPN,"kansascitychiefs, superbowl, nfl, chrisjones, nationalanthem",espn,9801,262,268,45
4,18,original sound - NFL,"jasonkelce, philadelphiaeagles, nfl, nflprobowlgames",nfl,175900,327,4550,743
4,19,original sound - NFL,"@rihanna, rihanna, superbowl, nfl, applemusichalftime",nfl,1600000,7676,67100,4216
4,20,original sound - Chiefs,"nflplayoffs, superbowllviii, traviskelce",chiefs,32000,280,986,63
4,21,original sound - NFL on CBS,"nfl, superbowl, mahomes, chiefs, brittanymahomes, jacksonmahomes",nfloncbs,24300,311,594,183
4,22,original sound - ESPN,"nfl, football, postmalone, taylorswift, blakelively",espn,28900,313,943,222
4,23,original sound - Chiefs,"hype, superbowllviii, lasvegas, chiefs",chiefs,65500,1185,3747,562
4,24,Pop Star - Coco & Clair Clair,"philadelphiaeagles, chiefskingdom, chiefs",cbssports,423400,2812,7020,4372
4,25,bounce (i just wanna dance) - фрози & joyful,"@traviskelce, superbowl, taylorswift, traviskelce, kansascitychiefs, nfl",nfl,101200,1630,3175,1341
4,26,original sound - Ginnie,"taylorswift, swifttok, taylornation, swiftietiktok, swifttoker, swifttoks, swiftliketaylor, taylorswiftlover, traviskelce, kansascity, kansascitychiefs, chiefs, nfl, trayvis, tayvis, traylor, jasonkelce, mamakelce, kelcebrothers",thethriftyswiftie,41800,145,1337,485
