batch,index,music,hashtag,author,likes,comments,shares,saves
1,0,original sound - REEKON Tools,,reekontools,640800,3858,105200,77600
1,1,original sound - divin,,ellielobio,227300,431,20200,604
1,2,I Wouldnt Mind - ♱,"christiantiktok, christianhumor, christianjokes, christiancomedy, christian, christianitytiktok, godisgood, jesussaves, jesusislord",dangmattsmith,162900,2900,21100,674
1,3,original sound - Benjamin Tiffen,"tiffytoky, fyp, relatable, boys",tiffytoky,6100000,28400,572500,61200
1,4,Aesthetic - Tollan Kim,"fyp, movie",lottietran,477000,979,29500,813
1,5,original sound - Slim 199x,,sophieraiin,2700000,11300,379800,24800
1,6,Thanks for using my sound - issawrap,,becca_dawn5,99000,479,4522,206
1,7,nhạc nền - Survival Channel,"halleyquinn, granny, huggywuggy, troll, scarytiktoks, scaryteacher, scayteacher3d, scaryteachergame, niece, nick, tani, hero, funny, funnyvideos, parati, paratii, fyb, fyb%E3%82%B7, vairl, vairal, coffindance, squid, squidgamenetflix, squidgame, trending, trend, fyp, fyp%E3%82%B7, fyp%E3%82%B7%E3%82%9Aviral, fypdongggggggg, vairalvideo, bravo, brave, cartoon, animation, animations, squidgame, squidgamenetflix, superman, usa, usa%F0%9F%87%BA%F0%9F%87%B8, usatiktok, us",survivalnature_channel,640700,11900,100800,250200
1,8,original sound - ྀི,"fyp, seraphsworld, bts, film",_seraphsworld_,457400,3073,44700,1089
1,9,original sound - Grace Rayne,,itsgracexrayne,5722,43,560,22
2,0,original sound - ✨DLA Fam✨,"family, 6foot10, 5foot2",dla_fam,2800000,29100,153800,16700
2,1,original sound - torross.crafted,"leatherasmr, leathercraft",torross.crafted,4300000,26100,276500,41800
2,2,original sound - IDK😫,"fyp%E3%82%B7, icespicemunch, icespice, edits, aftereffects",frennazone,340200,1678,57800,2615
2,3,original sound - ❥ 🇪🇸◟خويلد ؟,"fyp, ilovebigmelon%F0%9F%8D%92, gorgeousarah",lovebabysarah,139600,1226,20300,2875
2,4,origineel geluid - 🩷,"dimple, %F0%9F%98%8D, viraltiktok, fyyyyyy, fyyy, fyp%E3%82%B7, viral, fypage, viralvideo",glosslipgirl,163200,3546,10700,174
2,5,original sound - ashley rose,,ashleyroseclips,47300,198,2521,43
2,6,original sound - Ruck‼️,"foryou, viral, crush, friends",thesimp5onfamily,192700,1739,19000,2062
2,7,original sound - Debbie Valdez,"fyp, foryoupage, couple, foryou, couplegoals, coupletok, couplegoals, fyp%E3%82%B7, funny, relationship, boyfriend, girlfriend, relatable",debbiekval,406100,780,39300,1311
2,8,original sound - ✝️,,christian.chronicals,757100,40000,75300,5616
2,9,happy birthday,purplespeedy,purplespeedy,2200000,23100,94700,11100
2,10,original sound - Vincent henry,school,vicent_henry,12900,138,2068,62
2,11,TEACH ME HOW TO DRILL - Lil Mabu & Fivio Foreign,"lilmabu, timotheechalamet, power, musicvideo, tomholland, hood",lilmabu,305700,719,18100,331
2,12,original sound - Rotterz Movie,"foryou, fyp, tiktok",rotterz.movie,792500,2133,74900,1990
2,13,original sound - gianna,,giannamjoyce,961200,6713,50500,1509
2,14,original sound - Weirdo,"foryoupage, foryou, fyp, funny, comedy",weirdow0rld,160800,1540,29700,2194
2,15,Candyman (Ultimix Mixshow) - Christina Aguilera,,lexibrookerivera,2000000,14200,190100,18000
2,16,original sound - caseyneistat,,caseygrbms7,32600,137,4836,142
2,17,AIN'T GONNA ANSWER - NLE Choppa & Lil Wayne,,skykatz,644200,1393,27600,685
2,18,original sound - Lustra Clear,"randomfacts, satisfyingvideos, viral, fyp",lustraclear,235500,48400,28600,145000
2,19,original sound - snowy_pipes,"piperrockelle, piper, viral, viralvideo, fyp",the_squad_bby_piper,458100,1518,39300,708
2,20,original sound - 🍄🦊*°Fern°*🦊🍄,"capcut, capcut, nc, therian, foryou, fypp, fyppppppppppppppppppppppp, fyp, fyp%E3%82%B7%E3%82%9Aviral, northcarolinatherians, fyp%E3%82%B7, theriancommunity, theriantiktok, therianmask, theriangear, northcarolinatherian, therianthropy, therianpride, support, naturelove, nature",wild._fern,816,53,117,2
2,21,original sound - Sierra Larson,"fyp, fypage, trendy, romantoolit, thanksgiving",theonlyromantoolit,97900,666,16500,358
2,22,bodak yellow - ☆ *. ¡!,,andreas.is.mine,9,3,0,0
2,23,original sound - riley mae,"interview, streetinterview, tiktokchallenge, challenge, viralchallenge",rileymae,5369,32,513,35
3,0,original sound - matterxwonder,"nalish, fyp, viral, edit, love, nidalwonder, saysaymatter, ship",matterxwonder8,138500,500,15200,636
3,1,Occult/Mystery/Horror Suspense(844669) - ｍｍ,"fyp, foryoupage, foryourpage, xyzbca, trending, viral, foryou",kurlyheadmarr,31700,888,2846,1307
3,2,original sound - 🐰,"crush, boysfacts, turnons, boycode, kissing, exposing, language, butterflies, tips, girls, boys, advice, turnoffs, girlsfacts, understandgirls",advicewithdavid,104500,1666,26500,6118
3,3,Only Love Can Hurt Like This (Slowed Down Version) - Paloma Faith,mtbro,mahendramagar009,248200,17400,48200,98900
3,4,original sound - Cops Story,"cops, copsoftiktok, copsontiktok, copstiktok, foryou, fyp",cops.story2,800300,14600,71100,21500
3,5,original sound - 𝐌,,rachelgotnobev,788000,5581,98800,31500
3,6,original sound - Tony & Angel,"flightattendant, rescue, scary, flight, airplane",tonylovesangel,202700,709,15500,530
3,7,original sound - daisysdays,"fyp, fyp%E3%82%B7, foryou, koy, emo, princess, goodgirl, police, chickfila, bffs",koy.rose,895000,1693,73500,3330
3,8,original sound - The Rideshare Hub,,ridesharehub,42700,494,4610,288
3,9,original sound - Luxury Life,"@brittneycastro256, moana, actingaudio, liveaction",n1.que,746200,2073,40200,770
3,10,original sound - Sour King Drew,"viral, fyp",sourkingdrew,317400,7023,33000,2194
3,11,original sound - SwagBoyQ on IG,"publicinterview, swagboyq, gift, fyp",swagboyq,52400,202,3073,40
3,12,original sound - rated r,"fyp, gatorade, drinkprime",playboyjuju,221700,2285,25500,2932
3,13,Funny - Gold-Tiger,"foryou, fyp",miusuu362,21500,119,2398,767
3,14,Suara Seram Sangat Mencekam - Kholil Buitenzorg,"factsyoudidntknow, facts, satisfying, satisfyingvideo, learnontiktok, learn, satisfyingvideos",real.insane.videos,10400,6942,2337,27900
3,15,we fell in love in october - girl in red,"fyp, foryoupage",self_daily_love,2900000,12800,132300,7487
3,16,original sound - Jbailey,"fyp%E3%82%B7, fy, fyp%E3%82%B7, fyp%E3%82%B7, fyp, fypage, fyp%E3%82%B7, fyp, fyp%E3%82%B7%E3%82%9Aviral, jayahxomoraaa",jaslenbailey,569,14,105,4
3,17,God's Power - Background Music By Mirasonic,"womanpower, positivity, trendingreels, lifelessons, motivation, womenpower, inspiration, viral, explore, foryou, perfectwomen",motivation.motivated,271600,176,35400,6650
3,18,1 second count / when button pressed / time signal 23(1117365) - QUESS,"noncity, yap, interestingfacts",noncityyy,96100,11700,12700,45000
3,19,original sound - luhvrlyrics,"fyp, fyp, foryou, lol, ex, c, ring, promisering, clean, room, cleanedroom, trending, cleanroom, fup, fyp%E3%82%B7",badass_with_a_phat_ass,1200000,1553,34900,1568
3,20,PITCH THAT ASS - MR. OH MY GAWD 😎,,yk.quotezz_,45500,206,3082,62
3,21,never slowed - slowedaudios🖤🤍,"fyp, xyzbca, viral, fyp%E3%82%B7, foryoupage",official_jaythekid,63200,459,7145,239
3,22,sonido original - halo,"diamantblazi, seckoff, bball, basketball, fyp, dance, gamewin, gameday, viral, foryou, trend, floridabasketball, florida, usa, usabasketball, trio, dunk, sportstiktok",diamantblazi,55800,401,3403,194
3,23,Originalton - the_phonkface,,thatworldpage,129800,501,8926,286
3,24,original sound - billionairehustlers,"advice, fyp, sigma, foryou, billionairehustlers",billionairehustlersssss,108100,1038,11200,1723
3,25,original sound - ❥ 🇪🇸◟خويلد ؟,"pianogirl, pianoteacher, biden, prettybabe",torypiex,182500,1339,24700,1506
3,26,original sound - IsaacBukasa12,,keni4676,2300000,117600,243600,178100
3,27,original sound - Medazelli🔞🔞,"medazelli, funny, viralvideo, fyp, learnontiktok, foryou, famousamos",medazelli38,1000000,1785,149600,18500
3,28,i was only temporary 2 u - my head is empty,hopecore,thevisiondriven,5000000,14600,704200,41400
