batch,index,music,hashtag,author,likes,comments,shares,saves
1,0,original sound - Noah Peters,"@laineywilson, singingbarber",theesingingbarber,4099999,94700,282200,115000
1,1,,"facecard, asmrbarbie, asmr, asmrglue",,2700000,6160,136500,14300
1,2,,,,301900,1061,13400,1417
1,3,,"fortniteog, trending, fyp, foryoupage, fortnite, trickshot, snobbyshores",,309100,925,30000,1277
1,4,,"colbybrock, colbybrockedit, fyp, viralvideo, blowup, xyz, xplrizz",,257899,5383,84800,5639
1,5,,"soreloser, fyp, funny, game, foryou, trending, trendy",,4200000,24300,211700,214400
1,6,,"fyp, askkj, xyzbca",,214800,802,19900,608
1,7,,"fyp, fyp%E3%82%B7, foryou, foryoupage, tiktok",,743200,43300,85700,339000
