batch,index,music,hashtag,author,likes,comments,shares,saves
1,0,original sound - mystara,"scaryredditstories, fypppp, nosleep, asmrcooking, satisfying, creepy, horror, aita, redditstories, storytime",mysstara,224800,4429,29100,1041
1,1,original sound - wiliam_ph,,wiliam_ph1,25300,194,2423,2243
1,2,sunet original - Victor drx99,"makeup, lipgloss, bigfamily, notenoughnelsons, nenfam, viral, paisleenelson",notenoughnelsonsofficial,222000,2212,16100,654
1,3,original sound - ren ( fan acc ),"capcut, @ptsmash, @okdunkz, @hubxmango, @ae.bases, @pedqrx, @7hanel, @.dilaurentisfx, _edits_tik_fp, edit, _edits_tik_, template, velocity, aftereffects, ae, charlidamelio",.edits_tikfp,95200,1493,44900,404
1,4,sonido original - 𝐂𝐡𝐫𝐢𝐬𝐭𝐢𝐚𝐧,,mr.shearhod,841400,6434,99600,7377
1,5,original sound - EX7STENCE™,"fyp, qrxcba",qrxcba,5400000,67900,450600,76200
1,6,original sound - ethn,"tech, w, techtok, gaming, gamingsetup, fortnite, clip, fortniteclip, fyp, littlebrother, brother, kbm, fam",zenontech,127300,3912,15900,2725
1,7,Barbie World (with Aqua) [From Barbie The Album] - Nicki Minaj & Ice Spice & Aqua,"icespice, munch, icespiceconcert, fyp, foryou, concert, dansechallenge, pourtoi",icee_spiceefan,98100,1396,10000,1334
1,8,Hatachi no koi sped up - ;; Roger 🪐!,"therian, therianthropy, fyp, furry, therianmask, therianpride, theriantiktok",starrystar.x,62,6,9,1
1,9,original sound - CheezaAfrikanaDancekids,"fyp, fyp%E3%82%B7%E3%82%9Aviral, tengetenge, funny, viral, fyp%E3%82%B7%E3%82%9Alove, rango",cheezaafrikanadancekids,1800000,42300,157400,94200
1,10,оригинальный звук - ynogasai,"trending, funny, fyp, funnyvideos",_funny.official,903,3,131,16
