batch,index,music,hashtag,author,likes,comments,shares,saves
1,0,original sound - 5k.papiii,,5k.papiii,1400000,6347,131800,16800
1,1,I Wouldnt Mind - ♱,seanvvs,isnotseanvvs,804500,6804,96800,8539
1,2,original sound - Ray William Johnson,"drama, tourettes, tourettessyndrome, ticsandroses, huntingtons",realraywilliam,19000,266,1198,34
1,3,original sound - Hayden jang,"pov, fyp, foryou, foryoupage",jangyhayden,736600,5473,71700,5741
1,4,original sound - Reese,kelly,bhadie.kellyy,162600,1188,20200,2886
1,5,original sound - Joe rauth,"fyp, school, class, pov",joerauth_,394300,1550,32900,1657
1,6,original sound - Hugh Abroad,"thailand, travel, chiangmai, streetfood, budgettravel, bangkok, budgettraveltok",hughabroad,2300000,5315,69500,2664
1,7,som original - Prof Deide Costa,"corrigindoprovas, corrigindoatividades, corrigindoprova, professora, asmr",profa.deide.costa,688200,19400,76600,21600
1,8,original sound - ✨Kay and Tay✨,"kayandtayofficial, couples, relationships, pregnant, postpartum",kayandtayofficial,1600000,4924,77600,3721
1,9,original sound - Ciaran,"fyp%E3%82%B7, viral, foryoupage",ciaran_priv,66400,1129,8386,551
1,10,original sound - willll😁,"viral, meme, foryou, lilmanman, lilwill, tiktok",lilwillll_,8352,390,1196,157
2,0,original sound - Jay and Nia,"@iamjust_nia, couple, fyp, foryou, couples",jayandnia,90900,1504,4556,542
2,1,original sound - CiJy,"fyp, meme, viral, relatable, thatonefriend, badidea, cijyizzy",cijyizzy,189000,2158,29700,2768
2,2,Fortnite Coral Chorus Lobby Music - rexqer,"fyp, fortnite, fortniteog, chapter5, lego, fortniteclips",sekaimoan,32500,312,1855,70
2,3,original sound - Mya🐐⭐️,"foryou, funnyvideo, skit, joke, theresfoodathome",myaspence_,177200,867,35200,1783
2,4,original sound - Kay Kay,capcut,k_a_y_d_e_n_9_9_9_,0,0,0,0
2,5,origineel geluid - cutestnalish,"nalish, salishnidal, foryoupage, makethisblowup, edits, cute, @nidalwonderr_",cutestzaynie,52600,113,3606,64
2,6,original sound - ice(spice)🍘,"fyp%E3%82%B7%E3%82%9Aviral, icespice, xyzbca, xuhuong, edit, icespiceeedit",ice_xx_spice_fan,262,5,40,7
2,7,original sound - willll😁,"viral, fyp, lilwill, tiktok, explorepage, foryou, funny, stepbystep",lilwillll_,83100,830,9605,1079
2,8,original sound - mckinley richardson,,mckinleyrichardson,30800,106,1856,45
2,9,original sound - COLLADOTV,"comedy, funny, nba, basketball, fyp, foryou",colladotv,87500,327,13300,401
2,10,Funny Song - Funny Song Studio & Sounds Reel,,infamous_wu13,34500,456,3588,59
2,11,Vibez - Instrumental - Prod. Dior,"@getyourowninfo, fyp, viral, relatable",therealstreetfamily,65500,497,3436,58
2,12,ladyfingers - ‍‍‍‍‍‍‍‍‍‍chop,"fyp%E3%82%B7, funny",tina_042,425500,3817,39600,1228
2,13,original sound - Deyton_vela_Djv,"ekspresikan2023, ekspresikandengancapcut",deyton_vela_djv,13,0,2,0
2,14,original sound - Makenna Stark,capcut,therianarethebest,1,0,0,0
2,15,original sound - Sethtraction,"markiplier, trending, 2024, 2023, 2022, fyp, foryoupage, fypage, youtube",markiplieroftiktok,103400,1958,15400,261
2,16,original sound - Lala,"boys, foryou, learning, fyp, reality",lala_sadii,355000,2437,25000,1776
2,17,Bag Season - Jay Lewis,"fypage, builtnotbought, offroad, hondafourtrax300, cobraaxles, fourtrax300, racemotor, fourtrax, foryoupage, nitrous, superatvportals, superatv, nitrousbike, fyp, 1997",bailey_mayer,596900,2705,45100,9143
2,18,Bestie - Jayhmes & DeonSzn,deonszn,iamdeonszn,18300,58,2115,70
2,19,Self Esteem - #1 HIT - Kisses for Me - Lambo4oe,"kiss, bf, valentinesday, hoodie, %E2%9D%A4%EF%B8%8F",kluska.oki,707500,10600,115800,20400
2,20,i was only temporary 2 u - my head is empty,hopecore,thevisiondriven,4800000,14100,683700,40300
2,21,autumn leaves - aetoul,"fyp, viral, xyzcba",sikeislive,1600000,32900,196500,20000
2,22,cry - ❀,"roblox, dahood, fyp, fyp%E3%82%B7",needcav,50100,1436,9745,357
2,23,original sound - Logan Chitwood,"gigachad, sigma, comedy, anime",theloganchitwood,22800,196,2448,158
2,24,original sound - Marrkadams,comedy,marrkadams,90800,402,8438,360
2,25,original sound - riley mae,"interview, streetinterview, tiktokchallenge, challenge, viralchallenge",rileymae,5313,29,510,34
2,26,original sound - Blondemilkman,"@t_ols_drives, @tom.lever4, shoreline",_talon_1,167800,460,10100,507
2,27,original sound - jade,"shameless, gallagher, shamelessus, fionagallagher, iangallagher, mickeymilkovich, carlgallagher, lipgallagher, foryou, foryoupage, fyp, shamelessclips, shamelessedit, viral, aftereffects, cameronmonaghan, debbiegallagher",jadeditor,380800,673,56600,661
3,0,Love is BS - Lala Sadii,"foryou, loveisbs, fyp, parents, fight",lala_sadii,136100,1099,9952,96
3,1,original sound - Zeddy likes to talk.,,zeddytalks,41400,255,4973,855
3,2,original sound - NotLuc,"fortnite, fortniteclips, fortnitememes, fortnitebr",notluc,10700,74,714,15
3,3,Let him cook - lil vinax,"juicewrld, allylotti, fyp, kidlaroi, music",daily.reactions5,394700,2488,40500,798
3,4,original sound - Goofy,"fortnite, fortniteclips, fortnitememes, fortnitebr, fortnitefunny, xyzbca, fyp, foryou, foryoupage, 4u, 4up, 4upage",goofyyahurd,263100,2304,37300,2370
3,5,som original - DM Songs,,angel2up,10100,1287,1066,688
3,6,original sound - Love,capcut,love_cats2024,0,0,0,0
3,7,original sound - Lizzy,"grwm, chinesenewyear, lunarnewyear, qipao, chinesedress",lizzymwong,66000,76,1429,18
3,8,original sound - MC Squared90,"funny, comedy, gamer, relatable",mcsquared90,22300,174,4669,83
3,9,orijinal ses - 𝚂𝚒𝚐𝚖𝚊 𝚅𝚒𝚍𝚎𝚘 🗿🍷,"sigma, respect, foryou, edit",bagirov..85,1200000,15400,121900,23600
3,10,Hawt DamN - Missy Cooper,"@montanajordan, fyp, fyp%E3%82%B7%E3%82%9Aviral, fypage, foryou, foryoupage, viral, viralvideo, floptok, floptok%F0%9F%98%8D%F0%9F%98%8D%F0%9F%98%AD%F0%9F%98%8C%F0%9F%A4%9E%F0%9F%92%85%F0%9F%92%85, floptokera, floptokera%F0%9F%A4%AA%F0%9F%A4%AA%F0%9F%A5%B0%F0%9F%A5%B0%F0%9F%98%8D%F0%9F%98%8D, floptoksupremacy, floptokmeme, floptokfyp, floptoker, meemaw, youngsheldon, sheldontok, montanajordan, georgie",yaya_lixere,812900,4044,116200,9080
3,11,Gods creation - daniel.mp3,"fyp, crush, viral",joshterrellclips,221400,1463,22300,305
3,12,everything works out in the end (best part looped) - ciaffa & fedo DJ,"fp, foryou, foryoupage, fyp, lgbtq",vibe_n_smile,314100,9408,27700,3848
3,13,Lovers Rock - TV Girl,"@aelfricedenofficial, crush, relatable, aelfriceden",iwantacinnamonroll,28500,137,2614,54
3,14,original sound - cameramanneke,,themannekes,12400,62,1138,108
3,15,original sound - Avi Akbar,"@ttv.avi.akbar, skit, comedy",avi.akbar,49300,142,5626,74
3,16,original sound - Braxton Picou,"@nbanflandrandom_clips, viral, basketball, fyp, sports, freshman",braxtonpicou,28500,305,1875,11
3,17,3:15 (Breath) - Russ,@nono.bvm,m6xence,20700,299,1592,39
3,18,original sound - JayDubSlays,"game, fortnite, playstation",jaydubslays14,33900,391,6275,932
3,19,Green Onions - Booker T.,pov,c0rbo,30400,281,3507,46
3,20,Love You So - The King Khan & BBQ Show,"tiktokfashion, mfw, beyourownboss, fyb, foryou, foryoupage, anghami, spotifywrapped, spotify, music, talent, gottalent, thevoice, the_voice, thevoices, the_voice_kids",be7allllsamouri,418700,3408,50300,1484
3,21,original sound - i’m d1⭐️,"fyp, ex, crush, viral, trending, foryou, imahooperbtw, dreflexo, wayne",dre2flex,70200,534,7950,85
3,22,original sound - Salish & Nidal,"salishmatter, jordanmatter, nidalwonder, fyp, viral",salishnidalcute,45200,99,3580,122
3,23,original sound - Stan Browney,,stanbrowney,13200,66,520,1
3,24,original sound - Peet Montzingo,"trend, funny, fyp, family",peetmontzingo__,3600000,8994,153900,17200
3,25,original sound - KEEMOKAZI,duolingopartner,keemokazi,953100,2926,86900,966
3,26,"Spooky, quiet, scary atmosphere piano songs - Skittlegirl Sound","zozo, ouijaboard, scarystory",nickii,92500,1899,15800,559
4,0,original sound - AMYYWOAHH,"mcdoanlds, toys, squishmallows, happymeals",amyywoahh,11100,223,1278,51
4,1,Paint The Town Red - Doja Cat,,themaskedmortal,35200,112,4207,40
4,2,Oh No - Kreepa,"mentalhealth, scary, scariest, nightmare, bathsalt, h, pills, coke, snow, 8ball, top5, 5, five, struggle, fact, facts, education, addiction, addictionrecovery, addictionawareness, addict, addicted, recovery, sober, sobriety, bamf, hope, foryou, you, u",themrimpulsive,51800,438,4561,141
4,3,Monkeys Spinning Monkeys - Kevin MacLeod & Kevin The Monkey,"@mcbootyslooty, dogtok, dogs, dogsoftiktok",agirlandadoodle,414900,881,20700,3323
4,4,original sound - ash,,kamiasuraa,208600,1748,28200,1009
4,5,original sound - sentarnomeu_wang,"fyp, gymtok, gymmotivation, brucewangmotivation",sentarnomeu_wang,55900,215,3923,232
4,6,original sound - Jumpers Jump Podcast,"fyp, conspiracy, podcast, jumpersjump",jumpersjump,667500,1522,75600,4992
4,7,original sound - Brandon Beloti,"basketball, nba, airport",beloti44,275800,504,29300,1622
4,8,original sound - Cristiano.O,"icecube, funny, foryoupage, lipsyncing, comedy, cristianochilling, itwasagoodday, itwasagooddayicecube, singing, viral",cristianochilling,6000000,14600,478800,20600
4,9,original sound - ®️ Louieveegang💙,@olyrodriguez18,louieveedee,266600,0,13200,632
4,10,original sound - Abdullahi is my name btw,"fyp, itsyaboymaina",itsyaboymaina,28600,261,4899,502
4,11,Lemme get that - Frizz🗽.,,sophieraiin,213500,506,24200,919
4,12,original sound - YSK,youshouldknowpodcast,ysk_fanaccount,239000,304,17600,475
4,13,original sound - It’s vintage,"parentcomedy, parentsoftiktok, momanddad, fyp",officialmartinfam,339400,1650,32200,2086
4,14,original sound - Law By Mike,"law, driving, lawyer",lawbymike,952400,3804,86900,11800
4,15,original sound - Joe rauth,"fyp, dad, parents, pov",joerauth_,510900,852,34500,1201
4,16,"Spooky, quiet, scary atmosphere piano songs - Skittlegirl Sound","@user302646120, text, redditreadings, askreddit, fyp, qna, redditstories, storytime, scary",daily.textss,31100,434,3667,50
4,17,Yuno Miles Light up Skechers - Yunomiles,"fyp%E3%82%B7, fyp%E3%82%B7%E3%82%9Aviral, fyppppppppppppppppppppppp, fypdong, foryou, sounds, sound, foryoupage, skechers, blow, skechers, lightup, youtube, viral, youtube, upnext, upcoming, artist, music, funny, funnymoments, moments",whereyunomiles,2700000,16900,306100,94700
4,18,original sound - KMSGEVE,"funny, funnyvideos, funnymoments, fyp",kmsgeve,204800,646,18400,645
4,19,original sound - 𝓐𝓵𝓲,,ltsmikaylacampinos,396900,2055,31800,3015
4,20,original sound - RatMovie,"cartoon, animation",ratcartoon001,93400,61,3885,251
4,21,original sound - Short_Mcnugget,stitch,short_mcnuugget,144900,433,10400,1522
4,22,original sound - EU Drip,"gaming, xbox, fyp, viral, tiktok",eudrip,19600,300,2526,57
4,23,IT GIRL OUT SEPT.30th - aliyahsinterlude,"kristyson, fyp, fyp%E3%82%B7, foryoupage, foryou, parati, viral, xyzabc, trans",javx.errx,191300,7703,17400,694
4,24,original sound - yana ୨ৎ,"wrizz, toddler",babymila222,203300,457,16900,458
4,25,Super Mario 64 (Main Theme) - Tony Brattoli,"fyp, fortnite, foryou, funny, viral",officialleofn,35600,2541,3794,37
4,26,original sound - Terry Reloaded,"fyp, terryreloaded, foryoupage, funny",terryreloaded,116900,611,8686,892
4,27,How to Dress Like Lil Yachty - Jhalfaday,"lilyachty, howtodress, fashion, fyp%E3%82%B7, fyp, outfit",tori.dastarsylist,351000,722,36100,427
5,0,orijinal ses - MEL💫Dİ,,hairsalon.dejavu,653000,2885,32600,8973
5,1,original sound - willll😁,"viral, fyp, lilwill, tiktok, explorepage, foryou, funny, stepbystep",lilwillll_,124300,1342,14200,1312
5,2,original sound - Lil Pizza,,lilpizza.yt,10600,30,1211,80
5,3,original sound - BookOfKen,"donuts, fyp, couple, relatable, funny, dunkin, dunkindonuts, girlfriend, challenge",bookofkens,884,6,100,3
5,4,оригинальный звук - Islandboyrah,"islandboyrah, loysltytest, fyp, publicinterview, %D1%83%D1%80, public, couple, publicvideos, viral, viealvideo",official_islandboyrah,13000,78,690,128
5,5,original sound - Reddit Text Stories,"@rizz.app, text, textstories, fyp",redditdreams,20600,29,1344,36
5,6,Bling-Bang-Bang-Born - Creepy Nuts,"foryou, rileyreid, danielmac, fans",xabeamo,14700,56,1086,22
5,7,original sound - Brandon Beloti,"happyholidays, fyp, viral",beloti44,52300,133,5431,210
5,8,original sound - RAP AND HIP-HOP CONTENT,"trippieredd, fyp, fyp%E3%82%B7, rap, hiphop",phenobars,77200,1971,5693,187
5,9,original sound - Jay,,diamantblazi,57400,672,4267,475
5,10,original sound - Pneumonia,"fyp, movieclips",pneumonia61,12800,30,682,36
5,11,original sound - PRIME,drinkprime,drinkprime,306400,2582,19400,972
5,12,UEFA Champions League Anthem - UEFA,"@mxgo.robb, fyp, 503, elsalvador, dmv, latino, hispanic, quebonito, xyzbca, relatable, comedy, skit",quin_tv,94500,1093,11000,5229
5,13,Beautiful Things - Benson Boone,"blackboxai, nomoreboringclasses, airevolution, collegelife, christmasparty, collegestudent, winterbreak, exam, aifordevelopers, developer, javascript, python",codewithclaude,899,7,143,6
5,14,goosebumps - Travis Scott,"@travisscott, stormiwebster, stormi, travisscott, edit",musicmediaco,1100000,1418,89500,3963
5,15,original sound - Cameron Roh,fyp,cameronrohpovs,20400,455,3286,196
5,16,original sound - ypk.raye,,ypk.raye,62500,266,6267,228
5,17,original sound - LukeElsman,"@gymshark, fyp, gymtok, fittok, gymhumor, gym, workout, relatable, relationship, gymshark, humor, skit, ad",lukeelsman,337600,391,16100,643
5,18,original sound - KMSGEVE,"funny, funnyvideos, funnymoments, fyp",kmsgeve,341300,893,30300,732
5,19,2 minutes song Halloween and ghosts of children - Quetzal BGM,"fy, fyp%E3%82%B7, fyp, foryoupage, funny, fyp%E3%82%B7%E3%82%9Aviral, fypage, viral, chicago, foryourpage, fypp, fy",suprememalik,878500,6592,119800,48000
5,20,Bestie - Jayhmes & DeonSzn,deonszn,iamdeonszn,111700,224,13700,517
5,21,original sound - TheMacaulleys,"fyp%E3%82%B7, trending, viral, couple, couplegoals, love, boyfriend, themacfamily",__themacfamily__,61600,252,3369,174
5,22,original sound - Codename Jesse,,codenamejesse,678600,3008,100300,8656
5,23,Fantasy X Feel So Close Carter Walsh Mashup - CarterWalsh,"collegelife, oncampus, university, winterbreaks, attendance, developer, javascript, python",codewithclaude,1700,7,248,10
5,24,original sound - R.f👑💸,"fyp, viral, video, fypp",r.f_football,519700,2158,33900,4329
5,25,original sound - Vector,,_vector_,197800,861,18200,1586
5,26,smoke it off - cup1d,"fyp, pourtoi",cyber.ghetto,35200,516,5571,442
5,27,original sound - Lala,"room, foryou, fyp, mom, cleaning, morning",lala_sadii,131700,687,7386,80
5,28,original sound - showout dj,"explorepage, trending, fyp",showoutdj_,43600,259,7540,178
5,29,Funny Song - Funny Song Studio & Sounds Reel,,infamous_wu13,326300,8793,55900,1064
