batch,index,music,hashtag,author,likes,comments,shares,saves
1,0,Mama Cry - YNW Melly,"fyp, carringtonhenry, trending, goviral, motivation, motivacional, storytime, shot, bitrthday",carringtonhenry,835400,11000,39500,2620
1,1,original sound - christine ✯,"jennaortega, jennaortegaedit, jennaortegaedits, fyp, blowthisup, viral, xyzcba, foryou, vsp, umchristine, vsmb, velocity, vspedit, velocityedit, aftereffects, cairosweet, cairosweetedit, millersgirl, millersgirledit",umchristine,317400,791,56600,1805
1,2,Originalton - marinas.poison,"fyp, foryou",imthe_annag,172500,836,13500,99
1,3,Судно (Борис Рижий) - Molchat Doma,"slavic, easterneuropean, russianguy",eduardtok,24400,305,1694,174
1,4,original sound - Claire,,yep2361,43900,1114,3215,375
1,5,original sound - EB Family,"mixedkids, trending",eb.family,428000,2695,26600,2274
1,6,original sound - Barstool Sports,"@lightscamerabarstool, @daisyhipsher",barstoolsports,6400000,25000,610200,118000
1,7,original sound - Thomas wu,,infamous_wu13,135400,1493,15900,181
1,8,original sound - Kylie Cantrall,descendants4,kyliecantrall,1500000,5342,70100,2199
1,9,original sound - mr julian,fyp,julianseyebrows,2400000,4259,278500,10700
1,10,original sound - alexbreakshisback,"rek, school, life, fur, rekomendasi, up",so_fime,1500000,55200,105400,31200
1,11,original sound - ㅤ,"stopvaping, novaping, chrisgonecrazy, fyp",chris_gone_crazy00,35100,355,3998,324
2,0,UH THANKS FOR USING MY SOUND - ☆ Clyde / Luna ☆,,vera.jrr,237800,11100,23200,874
2,1,original sound - Paul Olima,"Flying, Plane, Airports, @svengudvunsun, @meettheharrisons, @emilyfayemiller",olima_omega,208800,1453,16700,3674
2,2,original sound - {♧♤Saige❤️‍🔥},%F0%9F%8E%80,whatupitssaige5,168,5,470,1
2,3,original sound - Miyachanel,"fyp, blowthisup, welegaltiktok, christmascarol, hoodchristmascarols",itsbigmiyaa,95000,655,23700,1919
2,4,original sound - Kimlizasmr,"fyp, foryoupage, food, eating, hotpot, noodles, dumplings, spicy, ramen, cooking, recipe, viral",kimnlizasmr,363200,455,14500,598
2,5,nhạc nền - ㅤㅤㅤㅤㅤㅤㅤㅤ,,zhuhhsh,1600000,13900,137700,68500
2,6,Love You So - The King Khan & BBQ Show,"viral, valentinesday, fyp, boyfriend",andrea.lopez44,183200,575,14000,4159
2,7,original sound - Brooke 👩🏼‍🎤,,nadeshaig,52600,177,5043,135
2,8,original sound - f u n n y moments,"fyp, couple, couplecomedy",funnyviralvms,296500,6398,33900,3377
3,0,sonido original - Hannapunzel 💕,,hanapunzell,180200,904,17600,802
3,1,original sound - Slim 199x,,sophieraiin,2700000,11300,379900,24800
3,2,original sound - 🌻Kila Johnson🌻,"fyp, foryoupage, cars",thatgirlkilaaaa,118600,9,4890,1480
3,3,original sound - Miss_Snowwolf_jku,,miss_snowwolf_jku,57800,3127,3915,1280
3,4,original sound - Mike & Joelle,,ashleysoftiktok,33200,367,2103,2124
3,5,original sound - katiana,,katiana.kay,494100,1480,52700,1017
3,6,Bongos (feat. Megan Thee Stallion) - Cardi B,"fyp, cardib, dance, cardibchallenge, foryou, foryoupage",chuppchester,201700,473,29400,828
3,7,suara asli - am - 🎧<𝟛,,natnatnoia,24500,0,1402,469
3,8,Rei da Bolha DJ Victor SC e MC MJ TA - DJ Victor SC 🥇🇧🇷,humor,blondekattya,62400,75,6198,229
4,0,I Won't Wake up This Time (Freaks) - BRAMANE,"fyp%E3%82%B7, wockst%E2%98%85rz, zxybca",trulyykeen,923200,6776,108200,3119
4,1,It's Not so Bad - Cummrs,recovery,paulieepaull,20200,1289,1901,60
4,2,original sound - vines_official,"funny, foryou, dantey_tv, vine",dantey_tv,57800,296,11400,2752
4,3,Originalton - Music🎧,"thevoicekids, thevoice, music, song, eminem, fyp, fyp%E3%82%B7, fy, foryoupage, foryou, viral",ben.voicee,494600,921,45900,2644
4,4,original sound - CardiClip🎥,"cardib, breakup",cardiiclips,40300,84,1499,195
4,5,original sound - Link in bio🍟,"@treborshi, simulationtoy, gift, toys",minichef_us,3678,68,591,42
4,6,original sound - Law_phoenixx,"office, police, copsoftiktok, trending, viral, learnontiktok, cops",lawphonex,1500000,26000,117600,58800
4,7,original sound - Follow me,"familyissues, parenting, storytelling, drama",darktales_original,406200,2762,28100,6373
4,8,Bro this so old lol - ㅤ,"@bbelllav_, 6foot10, 4foot8, fyp, talltok, heightdifference",dla_fam,317700,4096,17500,4274
4,9,nhạc nền - Funny,,madlab.ml,596400,2457,88800,11100
4,10,original sound - spo6kzie,"fyp%E3%82%B7, xyzbca, allenhoopfest, trending",yayakindatuff_pt2,250200,348,25800,436
4,11,KYLE RICHH x NO MORE EXCUSES - EazyOnTheTrack,"foryoupage, richboytroy, fyp, richboytroy, rbt, rbt, foryourpage",richboytroynewpage,148500,1457,14500,773
4,12,original sound - The Dandridge Life,realmomtok,queendandridge,418100,8452,13200,14700
4,13,Ron artest by flo Milli unreleased - .,"fyp, relateable, habeshatiktok",nuveefooty,70100,535,5175,188
4,14,original sound - The Taco Spot,food,thetacospot,41300,212,3409,77
4,15,الصوت الأصلي - ديري,"funnyvideos, funny, fyp, foryou",redditlife4u,171300,802,17900,6836
4,16,My Love Mine All Mine - Mitski,"leahsavajeffries, annabethchase, percyjacksonandtheolympians, percyjacksonseries, pjo, fyp",julycc_,1400000,6590,195900,2207
4,17,original sound - Mind Blowing Facts,"randomfacts, learnontiktok, factsyoudidntknow, random, facts, curiosities, satisfying, relaxing",mindblowingfacts16,127300,30900,18100,123000
4,18,original sound - Jonathan “JZ” Zambrano,"fyp, parati, foryou, foryoupage, hispanictiktok, comedy, mexicantiktok, hispanicmemes, mexicanlife, skit, latinostiktok, mexico, relatable, mexicanmemes, hispanicsbelike",jzgarcia,469400,4753,70800,8898
4,19,Kerosene - Crystal Castles,"randomfacts, dailyrdfact",dailyrdfact,19700,6235,6445,12400
4,20,aki hayakawa my beloved - mia,,user3129099038378,401200,1781,48800,7063
4,21,original sound - 승빈Seungbin,,hwangseungbin29,2100000,13900,142600,19600
4,22,Sad and lonely - MoppySound,"christmastime, jokes, fyp, funny, comedy",bigcreek77,16200,1235,1713,17900
4,23,original sound - EU Drip,"fyp, funny, relatable, trending",eudrip,56600,781,8404,495
4,24,original sound - Hedgehog World,,._.anna._.ka,966900,6300,69900,6982
4,25,original sound - BabyboyAce,"dvawareness, donesticviolanceawarness",kay.ladawn,915500,12500,35000,8091
5,0,Belong To You (feat. Babyface Ray) - Brent Faiyaz,"foryoupage, explorepage, trending, roadto1k, viral, viraltiktok, quotes, pain, paintok, relatable, lovequotes",lrbbreezy,66900,415,12100,8192
5,1,TEA - nevaeh and kyra,"fyp, motherhood, couplescomedy",kyleandjade_,81200,379,2615,130
5,2,original sound - South India Food,,southindianfood3,39700,4874,3527,3707
5,3,Eat Her Up - 414bigfrank,"@thecurvyintj, eskista, fyp, viral",tasha.j21,10600,92,1131,235
5,4,original sound - Yassssssss,"fyp, viral, blowitup",taee2.raw,850600,5102,97700,18300
5,5,GRATEFUL (feat. Vory) - DJ Khaled,"keepgoing, cleveland, barber, explorepage, studentbarber, selftaughtbarbers, learningneverstops, clevelandbarber, selftaughtbarber",officialaintthatant,429700,11300,42800,22800
5,6,original sound - cucumberxboy,"kimkardashian, khloekardashian, kyliejenner, kendalljenner, kourtneykardashian, kardashian, jenner, foryoupage, fyp, petedavidson, juliafox, travisbarker, kanyewest, kanye, northwest, stormi, kylie",cucumberxboy,13400,303,1024,120
5,7,original sound - ezel🪐,kayflock,ezel_xg8,32400,91,3550,150
