batch,index,music,hashtag,author,likes,comments,shares,saves
1,0,I Wouldnt Mind - ♱,"christiantiktok, christianhumor, christianjokes, christiancomedy, christian, christianitytiktok, godisgood, jesussaves, jesusislord",dangmattsmith,162900,2900,21100,674
1,1,original sound - Justin Kittelson 🚌🚎,"ikea, joinmylive, justinkittelson",justinkittelson,150400,424,7188,241
1,2,original sound - REEKON Tools,,reekontools,640800,3858,105200,77600
1,3,original sound - beachbumcamper,@onlyrealbeauty,beachbumcamper,768900,3705,36800,3337
1,4,original sound - Video Rewind,"kaicenat, amp, fyp",thevideosrewind,388500,1435,37400,9693
1,5,original sound - cameramanneke,,themannekes,146700,380,27600,4574
1,6,オリジナル楽曲 - Lynja,,cookingwithlynja,4700000,117900,357100,14500
1,7,original sound - Brooke 👩🏼‍🎤,,nadeshaig,52200,174,4980,134
1,8,original sound - Cecilia Garza 🎀,"wearecousins, cousinstrend, cousingoals, cousinsforever, cousinsbelike, cousinlove, cousinslikebesties, kidsoftiktok, christmasbreak, christmaspajamas, dayinthelife",xoxocecii_,386100,3548,35400,7984
1,9,original sound - Jed Hockin,viral,jedhockin,210400,40400,55400,9706
1,10,DarkHorse - Colin McIntyre,"fyp, gym",colinmcintyre,691000,1340,38600,897
1,11,original sound - Tk 💕,"fyp, trending, dogsoftiktok, foryoupage",tikaramonee16,3700000,21800,277800,66100
2,0,Dance You Outta My Head - Cat Janice,"esteepartner, esteelauder, myshademystory, @esteelauder",keleighteller,19800,295,440,283
2,1,original sound - keleighteller,@kyliekelce,keleighteller,196900,1071,5004,2336
2,2,original sound - keleighteller,longdrink,keleighteller,87800,496,1399,868
2,3,original sound - keleighteller,,keleighteller,12100,708,206,128
