batch,index,music,hashtag,author,likes,comments,shares,saves
1,0,original sound - Zay,"fyp, viral, itsoucyeli",itsoucyeli,272900,582,42700,754
1,1,,"winter, harrypotter, ice, icecicles",,2800000,12100,202800,54400
1,2,,"capcut, fyp, fyppppppppppppppppppppppp, fyppp, fyp%E3%82%B7, fypage, fyp%E3%82%B7%E3%82%9Aviral, fypage, fyp%E3%82%B7%E3%82%9Aviral, foryoupage, funnyvideos%F0%9F%98%82%F0%9F%98%82%F0%9F%98%82, funnyvideos%F0%9F%98%82%F0%9F%98%82%F0%9F%98%82, funnytiktok",,1100000,12400,187600,79700
1,3,,,,160200,552,15400,157
1,4,,,,599900,7044,29700,1126
1,5,,,,25300,195,2429,2243
1,6,,"foryou, frenchbulldog, bourboncityfrenchies, frenchbulldogpuppy, creme, cremethefrenchbulldog, frenchies, fyp, share",,1700000,9102,193500,17900
2,0,,,,299200,401,6983,458
2,1,,"fyp, zyxcba",,1200000,90300,160800,88000
2,2,,"fyp%E3%82%B7%E3%82%9Aviral, christmas, foryoupage, giftcardsforchristmas, imbroke, fyp%E3%82%B7, viraltiktok",,1000000,3511,51000,2862
2,3,,,,2000000,11000,117600,47600
2,4,,"fortnite, snipes, fyp, fortniteclips",,189400,1980,13700,943
2,5,,"jakewebber, johnnieguilbert, emo, tarayummy, real, fyp, viral",,169600,365,16000,735
2,6,,"fyp, colorcustomizer",,669200,1638,21600,1463
3,0,Monkeys Spinning Monkeys - Kevin MacLeod & Kevin The Monkey,"joshsmom, joshandmomma, cooking, brownies, dissert, easyrecipe, sweets",joshandmomma,209000,3523,16700,9214
3,1,original sound - mystara,"scaryredditstories, nosleep, fypppp, asmrcooking, storytime, satisfying, aita, creepy, horror, relationshipadvice",mysstara,41900,210,3104,76
3,2,"Suspense, horror, piano and music box - takaya","waitforit, wow, hotel, travel",mindblowingreels,190000,5657,54800,6256
3,3,original sound - Amy Shin,"@roblox12899898, falsies, lashes, makeuphacks",amyyshin,990200,3063,63100,1274
3,4,original sound - REEKON Tools,,reekontools,640500,3855,105200,77500
3,5,original sound - Sam Middleton,,itz_justlola,268200,951,20300,3820
3,6,original sound - sparkles_qt,"fortnite, foryou, fortniteupdate",sparklesqt,127200,1791,36700,6013
4,0,,,,4000000,17200,465900,71600
4,1,,"ima, blackmother, period, fyp, tamiroman, bonnetchronicles, 2024, happynewyear",officialtamiroman,1200000,20200,95600,72000
4,2,,"onthisday, coolmomsoftiktok, upsyndromequeenoly, bestfriend, mommyanddaughter, positivevibes, oly, family, viral, mommyworld, oly",,3400000,53300,234300,167400
4,3,,,,255000,1434,15800,1172
4,4,,"@dance_moms.editer122, asmr, asmrsounds, elmersglue",,892000,17300,111900,6306
4,5,,"movie, movieclips, foryou",,622200,1168,49600,722
4,6,,"foryou, fyp, learnontiktok, lifehacks, crafts",,195200,3235,63800,80300
4,7,,"@uncreative_mental, beamngdrive, cargames, racinggames, fh5, nfs",,423400,3330,69400,5265
4,8,,"kidsswearing, baddie, momsoftiktok, toddlersoftiktok, fyp, funnyvideos",,317000,6303,25400,120100
4,9,,,,621900,5493,80200,12700
4,10,,"atl, fyp, viral, skate",,3400000,37800,236800,110700
4,11,,"lippiercing, piercing, piercings, piercinglovers, piercingcheck, piercingstudio, piercingvideo, piercingtok, piercingvideos, piercingsoftiktok, vairal, fyp, allfake%E2%9A%A0%EF%B8%8F",,108000,1417,7100,1535
4,12,,"fyp, mafteeski, skrtttttttt",,789300,6421,95100,14200
4,13,,"fyp, foryoupage",,6200000,42900,567000,125600
4,14,,"viral, fyp, foryou, bracelets, colorful, teacher, 5thgrade, fyp%E3%82%B7, blowthisup, drip, trending, xyzabc, xyzbcafyp%E3%82%B7",,674600,3071,52200,871
4,15,,"musicball, satisfy, satisfyingvideo, who",,241300,2408,32500,117300
4,16,,"@noemiemtouch, carorganization, asmr, carrestock, carorganizing, organizewithme, restockwithme, asmraesthetic, mynewcar, restockingasmr",,741100,1363,59000,2130
4,17,,"fyp, foryoupage, viral, explore, funny, hilarious, laugh, kids, daughter, parents, comedy",,7000000,55100,670800,251200
4,18,,"fyp%E3%82%B7, fyp, foryou, emo, jnco, jncojeans, twins, goodwill, slay, fit, fitcheck, lilpeep",,255200,1542,33900,1896
4,19,,"roblox, robloxfunny, robloxmicup, micup, micuproblox, robloxian, robloxian, robloxfyp, funnyroblox, funroblox, funnymomentsroblox, robloxmeme, robloxfunnymoments, robloxtroll, robloxtrolling, robloxtiktok, robloxvoicechat, robloxvr, robloxvrfun, robloxfunnymoments",,511400,1907,62700,788
4,20,,"fyp, spritecranberry",,501800,3471,44200,9142
4,21,,"easyrecipe, crockpotmeals, familyrecipe, homecooking",,702700,12400,289600,171400
4,22,,"frenchcar, france, kitty, cat, catmeme, elgato, heisfrench, frenchcat, catmeme, meme, gato, wiwigato, silly, car, silly",,7800000,55500,824800,282500
4,23,,"kayandtayofficial, couples, relationships, pregnant, postpartum",,447600,1043,22500,885
4,24,,"art, artist, digitalart, digitalartist, procreateart, procreate, doodles, drawings, tiktok, fyp, sleepyeyes",,2200000,15700,307700,7572
4,25,,"fyp, viral, fortnite, fortnitepro, fortniteclips, fortniteranked, fortnitememes, fortnitetips, gaming, camnutz",,104200,10400,8203,291
4,26,,,,89400,1018,3822,847
4,27,,"fyp, latinamakeup",,2200000,11000,216000,3550
5,0,,"fyp, blooper, fail, viral, quincea%C3%B1era, emeraldgreen, foryoupage, likeitupppp, xybca, quince",,2900000,9529,289500,20600
5,1,,"fyp%E3%82%B7, relatable, fyppppppppppppppppppppppp, realization, foryoupage, blowthisup, foryou, trending, thefloridaproject",,568400,11300,55500,4993
5,2,,"@hearts4money_99.99, asmr, satisfying, relax, hellokitty",,844600,2571,48800,4343
5,3,,,,759500,9539,213800,259899
5,4,,"greenscreen, grandpa, viral, funny, foryou, fyp%E3%82%B7, fypisbroken, jokes, cool, nostalgia, kids",,621400,9127,90900,7379
5,5,,candycanes,,5100000,32600,278100,89400
5,6,,"fyp, viralvideo, foryourpage, relatable, couple, gf, bf, toy, christmas",,246100,1043,21000,760
5,7,,"ravegirl, ravers, ravetok",,2900000,3759,98000,21100
5,8,,"viral, tiktok, fyp, 2024, makeup, grwm, beauty",,360800,515,96500,4634
5,9,,"moneybook, booktok",,2400000,7935,207700,18200
5,10,,"friends, joeytribbiani, rachelgreen, tvshow, fyp, viralvideo",,720000,388,42500,430
5,11,,,,11000000,42200,725100,373000
5,12,,@djdiesel,,357000,815,25500,1126
5,13,,"son, dad, grandma",,286600,1052,19500,4677
5,14,,"pov, funny, comedy, dnd, dungeonsanddragons, relatable, bestfriends, foryoupage, crazycae, fantasy",,309700,6114,52500,6077
5,15,,"tiktok, fyp, cat, pet, petcat",,2100000,21200,187600,162100
5,16,,"@tragicthegreat, fortnite, fortnitefail, fortnitefunny, fortnitechapter5, fyp",,591500,5093,83800,9568
5,17,,,,3800000,34000,567400,60800
5,18,,"fyf, weball, real, fyp, life",,1600000,4783,181000,14200
5,19,,"homedecoration, decorationdesign, foryourpage",,1100000,7996,178700,92800
5,20,,"@beluckhairshop, beluckhair, straighthair, gluelesswig",,198600,1219,15000,2510
5,21,,,,54800,2187,20800,1012
5,22,,"hair, glowup, hairstyle, flow, buzzcut, looks, looksmaxxing",,463300,2727,39700,1358
5,23,,"fyp, pov, viralvideo, funny, fyp%E3%82%B7",,97600,780,18400,609
5,24,,"duet, foodtok, comedy, fyp, food, everybodyssocreative, everybodysocreative, cooking, commentary, recipe, itaintgonslidedowneasyifitaintcheesy",,91600,5304,6319,10100
5,25,,gnb,famousbirthdays,155200,303,5422,60
5,26,,"fyp, youladiesalright%3F, improv, basketball, dub",,687600,1466,55800,1217
5,27,,"jackharlow, lovinonme, cats, rap, hiphop, raptok, cat, catsoftiktok, fyp",,1800000,20800,208600,78100
5,28,,"policeofficer, copsoftiktok",,790000,12200,51600,5758
