batch,index,music,hashtag,author,likes,comments,shares,saves
1,0,I Wouldnt Mind - ♱,"christiantiktok, christianhumor, christianjokes, christiancomedy, christian, christianitytiktok, godisgood, jesussaves, jesusislord",dangmattsmith,162900,2900,21100,674
1,1,original sound - REEKON Tools,,reekontools,640800,3858,105200,77600
1,2,original sound - sarah.,"winter, harrypotter, ice, icecicles",wetknees777,2800000,12100,202800,54400
1,3,original sound - Aubreysanchezx3,"cashierlife, cashiersbelike, cleanupinaisle3, funny, momsoftiktok, momsbelike, momsover30, momtok, momsplaytime, toys, cashier, aubreysanchez, nyc, momlife, fyp, foryou, foryourpage, aubreysanchez, pregnanttiktok, graciecandlco",aubreysanchezx3,12400000,70200,748300,224300
1,4,"Spooky, quiet, scary atmosphere piano songs - Skittlegirl Sound","skinwalker, scary, scaryvideos, horror, creepy",allthehorrorusa,578300,6760,61400,12100
1,5,original sound - Qui Renea,"foryou, fyp",quirenea,587600,4194,42000,8997
1,6,Bongos (feat. Megan Thee Stallion) - Cardi B,,theneelajolenee,70100,8111,10400,325
1,7,original sound - torross.crafted,"asmr, leathercraft, leathertiktok",torross.crafted,719700,3987,49500,3900
1,8,original sound - The coffiefx,"fy, forextrading, tiktok, fyp, tr, moneyonlineforbeginners, kids",thecoffieforex,186400,1178,7965,1195
1,9,WHY IS MY SOUND POPULAR WHAT - 🫶🏻,"onthisday, fyp, gym, diet, japan",pookieateacookie,77600,7948,10900,1358
1,10,Aesthetic - Tollan Kim,"fyp, tiktok, tvshow",zeyadeh.hetsler,779200,1359,63500,802
2,0,original sound - IDK😫,"fyp%E3%82%B7, icespicemunch, icespice, edits, aftereffects",frennazone,338900,1667,57500,2601
2,1,son original - 𝗧𝗢𝗕𝗜,"fortniteclips, fortnitebr, fortnitememes, fortnite, viral",tobi_exee,2900000,17100,358500,132100
2,2,original sound - Kendalle Dabrat,"fyp, plane",bracefacekendalle,403500,3460,45600,1284
2,3,original sound - Aliyah Marie,,aliyahm411,244500,1134,17400,1134
2,4,original sound - mya ★,"piperrockelle, piperrockellebby, piperrockelleedit, piperrockelleedits, gavinmagnus, gavinmagnusedit, pavin, pavinedits, edit, fyp, foryou, foryoupage",pipersluvas,116000,818,12700,950
2,5,Halo - Beyoncé,pregnant,milina_gatta,202400,6759,16400,15600
2,6,SomeoneYouLoved(Cover) - 十八闲客,,opppleeen,69100,1127,7643,567
2,7,Clouds - Aitan A.I.,"christiantiktok, christian, fyp",just_grace_here,1300000,92100,175800,19600
2,8,Candyman (Ultimix Mixshow) - Christina Aguilera,,lexibrookerivera,1900000,14200,188800,17900
3,0,Here I Am to Worship - Josué Novais Piano Worship,"foryou, viral, foryoupage, fyp, fypage",lei.lyn,170500,1690,31400,2190
3,1,original sound - AscendingGaming,"clix, sommerset, nrg",ascendinggaming,9679,17,867,21
3,2,suono originale - Nader Raslan,,naderraslan2,30200,389,2800,588
3,3,original sound - guy with the list 🗒️,"ick, icks, redflags, redflag, icklist, list, fyp, viral",wyszkay,315800,12200,27300,35900
3,4,original sound - Cheska Limson on Youtube,"magsinotwins, magsinosibs, fyp, siblings, zxycba",athenadsuperior,47900,9,4652,5534
3,5,original sound - Beckyp79@,"coffee, kevinhart, funny, starbucks, starbucksdrinks, latte, funnyvideos, lmao, fyp, comedyvideo, humour, laugh, ifyouknowyouknow, fyppppppppppppppppppppppp, foryou, foryoupage, goviral, viral, floptok, xybca",beckyp79,920000,5474,85500,132300
3,6,L$d - Luclover,,leximarvell,166600,464,24300,1224
3,7,original sound - Catskittymeow,"fyp, cats",catskittymeow8,1500000,10200,93200,105800
4,0,watch The Last of Us on HBO - spider.mo,,connorhessee,922500,4905,88300,4851
4,1,Babydoll X The Perfect Girl (Slowed) - Apex,"prank, prankster, pranksvideos, aprilfools, viral, fyp, acentex3, capcut",clipsync1,73000,256,9579,2186
4,2,Bling Bang Bang Born Bucle 90 secs By ENfaitYT - ENfaitYT,,semaysart,534800,2017,51600,638
4,3,original sound - Ken & Mel 𖨆♡𖨆,"kenandmel, @kenandmeli",kenandmel,601900,1947,50300,4461
4,4,som original - GHOST,"fortnite, fortniteclips, fortnitememes",morbidfat,161500,487,12800,313
4,5,Meow - Dust☆,,brentrivera,252400,514,14200,1392
4,6,original sound - ItsPapiDiego,"fortnite, fortniteclips, fortnitememes, fortnitetips, fortnitechapter5, fortnitebr, fortnitefunny",itspapidiego,235700,2413,77100,10900
4,7,original sound,"fyp, viral, foryou, fyp%E3%82%B7, utah, ilovemybf, momlife",ivy.marie1331,531700,2084,42900,5653
4,8,Never Lose Me - Flo Milli,fyp,bozz.arts,2900000,10500,150000,13300
5,0,original sound - eminem 😉 >>,"fit, fitness, fittok, fitcheck, outfit, outfitideas, lululemon, eminem, polishgirl, poland, polish",imcocolemonxoxo,66200,766,215900,480
5,1,Epic Inspiration - DM Production,,graciebonr,169200,4215,63400,17800
5,2,som original - lalarinha,,breckiehill,73300,1118,81500,754
5,3,Following just the New tiktoker - TikTok Queen🇧🇪 🇮🇹,ladykaylive,lady.kay_,46500,40600,17300,8884
5,4,nhạc nền - ㅤㅤㅤㅤㅤㅤㅤㅤ,,zhuhhsh,1600000,13500,136300,68200
5,5,original sound - Camilla Araujo,"interview, publicinterview, minivlog, fyp",camillaara.backup,35000,181,6439,211
5,6,original sound - slspalace,"candaceowens, candacereacts, lilrt, children, rapping",sealspalace,145100,12000,32000,1630
