batch,index,music,hashtag,author,likes,comments,shares,saves
1,0,original sound - REEKON Tools,,reekontools,640800,3858,105200,77600
1,1,I Wouldnt Mind - ♱,"christiantiktok, christianhumor, christianjokes, christiancomedy, christian, christianitytiktok, godisgood, jesussaves, jesusislord",dangmattsmith,162900,2900,21100,674
1,2,original sound - sarah.,"winter, harrypotter, ice, icecicles",wetknees777,2800000,12100,202800,54400
1,3,original sound - The Relationship Hub,"viral, couple, fyp",isaacandandrea9,185000,712,10400,1085
1,4,original sound - NFL💔LEE,"jaleel, jaleelsisterjada, fyp, fyp%E3%82%B7, foryourpage, foryoupage, foryou",nofakelove_lee,311700,4313,18400,6275
1,5,Makeba - Jain,,vlarino,248600,5846,27400,5011
1,6,original sound - nevaeha,"grwm, grwmforschool, confrotingcheatingbf, blowthisupforme, storytimegrwm, grwm, nevaehachristine",neevaeha,11900,445,1333,8
1,7,original sound - Jaylin & Makayla💕,,makayla.doma.galski,184400,1557,8965,403
1,8,original sound - billy,"lifestyle, party, drinking, vape, fun, holidays",billyvsco,166800,1109,7107,678
1,9,Fallen Down - Toby Fox,"fyp, facts, randomfacts, usa",factsphere0,20500,3198,1994,23200
1,10,original sound - Coree Ray,"dadfalls, slip, slippery, slick, blackice, tiktokfamily, ringcamera, caughtoncamera, familiesoftiktok, comedy, falls, dontfall, ouch, dontfall, @iammelving",coreeray,1200000,1619,54800,3425
2,0,nhạc nền - V,"animals, confusingbehavior, chipicat, cutecat, catdance",marceloeguino,693700,11100,69200,91800
2,1,original sound - Liza v posteli 2.0,"fyp, colorcustomizer",milanlovesyoumore,669200,1638,21600,1463
2,2,La Suma - Javier Rosas Y Su Artillería Pesada & Lupe Borbon y su Blindaje 7,"fyp, foryou, mexican, viral, mom, hispanic",andrew_trs,218300,1354,26900,2736
2,3,original sound - EX7STENCE™,"fyp%E3%82%B7%E3%82%9Aviral, christmas, foryoupage, giftcardsforchristmas, imbroke, fyp%E3%82%B7, viraltiktok",hannannar,1000000,3511,51000,2862
2,4,original sound - Food Dudes,"easyrecipe, crockpotmeals, familyrecipe, homecooking",fooddudescook,701000,12400,289000,170700
2,5,original sound - djflatlinelay,,djflatlinelay,3100000,21500,303200,123600
2,6,original sound - Relo,"@tragicthegreat, fortnite, fortnitefail, fortnitefunny, fortnitechapter5, fyp",reloteles,590100,5084,83600,9555
3,0,son original - DiabyMariame,"abidjan225%F0%9F%87%A8%F0%9F%87%AE, @ayufholding, @htbeautysupply, @ong_lame_afrique",diabymariame.ayuf,429700,5004,22800,2635
3,1,original sound - b,,kylarubi000_,47,3,4,0
3,2,original sound - 𝙁𝙊𝙍𝙀𝙑𝙀𝙍 ✰,"grwm, fyp, viral",grw.forever_,124200,497,10100,220
3,3,original sound - Sara Karrit,,afrobysara,2500000,30200,154400,27800
3,4,original sound - Andrew2,"tiktok, movies",vonhojsf,365100,193,13200,116
3,5,original sound - sounds🎧,fyp,slickysydd,2400000,17800,108300,10900
3,6,everyone using this sound - Zup,"fyp, foryou, viral, marriedlife, marriagehumor",anxietycouple,499300,2772,53600,4117
3,7,Gulp gulp - ☆,"@ishowrage4legendd, xybca, fyp%E3%82%B7, friend",h34rts_4u1,1500000,30900,303300,51900
3,8,BIRTHDAY DANCE - Josh Levi,"fyp, fyp%E3%82%B7, foruyoupage, jamaica, montegobay, plasticbag, friends, friends, rafting",richhlanzee,562100,1135,24600,2576
3,9,original sound - The Crooked Traveler 🇬🇭🇷🇺,duet,ohemaaprettygold,102100,1397,4380,419
3,10,original sound - grrr ʕಠᴥಠʔ - lisa ʕಠᴥಠʔ,"foryou, newnails, droppedmylipstick",lalisalalaland,2900000,14400,177600,13900
3,11,original sound - Curtis Charles,@ditebogo_dii,nombuso_98,253400,279,7210,698
3,12,Where you are (Vocals only) - Halal Beats,"facts, factsyoudidntknow, learnontiktok, randomfacts, saveyourlife, curiosity",factsfromnez,8026,846,1371,6302
3,13,original sound - Tony & Angel,"flightattendant, rescue, scary, flight, airplane",tonylovesangel,202700,709,15500,530
3,14,we fell in love in october - girl in red,"fyp, foryoupage",self_daily_love,2900000,12800,132400,7491
3,15,Give Me a Kiss - Crash Adams,@andymallet1,crashadamsmusic,1100000,4720,67700,2810
3,16,Subscribe to sleezy bell on YouTube - SleezyBell,"fyp, fyp%E3%82%B7, cutebaby, viral, toddlersoftiktok, outfitinspo, flow",queen_kye18,61200,1158,6606,912
3,17,original sound - SOPE🐧👽 - Capcut User,,slwl_cute_dog,1800000,267000,258600,54800
3,18,I fck up - Prince Ayaya,itzcdy,itz_cdy,350700,809,11800,1981
3,19,original sound - Omer Majid,,omermajidshorts,1400000,11600,84500,7021
3,20,Hoist the Colours - Bass Singers Version - Bobby Bass,,daniverdari,224300,12800,26300,4627
3,21,ONE CALL - Rich Amiri,"alternativeschool, vape, cleveland, alternative, school, foryou, fyp, 444, clevelandschools",zombicid3,260500,1368,10000,559
3,22,original sound - loza jade,"tiktok, tvshow, funny, fyp%E3%82%B7, fyp",loza.jade,1800000,5696,143600,4299
3,23,original sound - The Relationship Hub,,rebeccazamolo,141900,1164,7168,278
3,24,الصوت الأصلي - ديري,"funnyvideos, funny, fyp, foryou",redditlife4u,171200,802,17900,6834
3,25,original sound - That’s So Drea,"@dance_moms.editer122, asmr, asmrsounds, elmersglue",thatssoodrea,891800,17300,111900,6306
3,26,original sound - Tonydirects,"@lgndfrvr, @desfrvr",tonydirects,378700,2372,28400,10500
4,0,original sound - Xen EHarvey,"fortnite, fortnitetips, fortnitetipsandtricks, fortnitefunny, fortnitefunnymoments, crosshairx",eharveyy,187100,1405,15400,178
4,1,original sound - wiliam_ph,,wiliam_ph1,25300,193,2421,2243
4,2,original sound - Sam Middleton,,itz_justlola,268200,951,20300,3820
4,3,original sound - Doulie Chamberlain,greenscreen,abdoulupnext,267100,49400,32100,960
4,4,original sound - Amy Shin,"@roblox12899898, falsies, lashes, makeuphacks",amyyshin,990100,3063,63100,1274
4,5,original sound - active <3,"fyp, zyxcba",4.am.thoughts._,1200000,90300,160800,88000
4,6,original sound - Cam,"fyp, foryou, xyzbca, wordle",totallynotcam,185600,467,7560,158
4,7,I did not expect to go viral - 🎧 .,"fyp, lions",deasiagreenn,1200000,2817,39000,747
5,0,original sound - Lola Winters 🎀,,itz_justlola,213900,2472,11700,203
5,1,original sound - More Co1in,,moreco1in,709300,1956,53000,1146
5,2,original sound - Kriss&Esme,"grwmroutine, quincea%C3%B1era, quince, grwm, quincemakeup, quinceparty",krissleos,211600,1003,17100,261
5,3,original sound - fr0sty_rick,"fyp%E3%82%B7, relatable, trending, aylecia, blowthisup, viral, qtips",leci.bby,280300,628,15600,165
5,4,original sound - ABKYS,,aubreykeeyyysss,29800,1311,1072,114
5,5,original sound - sparkles_qt,"fortnite, foryou, fortniteupdate",sparklesqt,127200,1791,36800,6013
5,6,original sound - yincard,"redditparanormal, scaryredditstories, yincardify, horrortok, horrorstories, fyppppppppppppppppppppppp, reddit, fyppp, horroredit, redditstories",yincardify,265900,1693,18700,326
