batch,index,music,hashtag,author,likes,comments,shares,saves
1,0,original sound - 𝔍𝔞𝔰🌺🫧,fyp,jascas55,2200000,10300,280000,58500
1,1,original sound - layla’s mother,@killsmartyrclothing,killsmartyr0x,333000,3987,41600,2874
1,2,original sound - active <3,fyp%E3%82%B7,tina_042,342700,4078,18800,935
1,3,original sound - saraphiah,,saraphiahm,3800000,6485,251700,16100
1,4,original sound - Aylex Thunder™,"aylexthunder, nyc, piano, pianist, dancer, centralpark",aylexthunder,221500,1539,14500,499
1,5,original sound - ShieTalii,shietalii,shietaliii,1400000,22800,116200,221500
1,6,Sativa - _spxdupsounds,"girlsfacts, boycode, boysfacts, girlsadvice, boys, girls, girlscode, advice, butterflies, girlslove",liamadvice3,170800,1470,31700,9761
1,7,original sound - JAYLLNN,coffee,realjayllnn,181200,1575,12700,2088
1,8,original sound - ⭐NLB,"funnyvideo, funnyvideos",nlbsfunnyhahatv,307700,1918,28600,10500
2,0,original sound - Tanem 💋,"glossybalm, glossylipstick, cherrycolalips",musthavesxt,536700,977,83900,3962
2,1,sonido original - Futbol Por Minuto,"joaocancelo, valencia, fcbarcelona, viral, viralvideo, viraltiktok, tendencia, tendencias, tendenciatiktok, trend, trending, trendingvideo, fyp, parati, foryou, foryoupage, foryourpage, joao, fcbarcelona%F0%9F%94%B5%F0%9F%94%B4, barcelona, barcelonafc, barca, fcb, valenciacf, xavi, xavihernandez",futbolporminuto,4855,181,325,39
2,2,sonido original - Futbol Por Minuto,"lunin, cadiz, realmadrid, viral, viralvideo, viraltiktok, tendencia, tendencias, trend, trending, trendingvideo, fyp, parati, foryou, foryoupage, foryourpage, andrelunin, realmadridfans, realmadridfc, realmadridhd, madrid, rm",futbolporminuto,14300,199,629,38
2,3,sonido original - Futbol Por Minuto,"lewandowski, deportivoalaves, fcbarcelona, viral, viralvideo, viraltiktok, tendencia, tendencias, tendenciatiktok, trend, trending, trendingvideo, fyp, parati, foryou, foryoupage, barcelona, barcelonafc, barca, fcb, alaves",futbolporminuto,32000,220,2475,138
2,4,sonido original - Futbol Por Minuto,"xavi, supercopa, viral, viralvideo, viraltiktok, tendencia, tendencias, tendenciatiktok, trend, trending, trendingvideo, fyp, parati, foryou, foryoupage, foryourpage, xavihernandez, realmadridfc, realmadridfans, realmadridhd, madrid, rm, fcbarcelona%F0%9F%94%B5%F0%9F%94%B4, barcelona, barcelonafc, barca, fcb, supercopadeespa%C3%B1a",futbolporminuto,3881,203,234,79
2,5,sonido original - Futbol Por Minuto,"xavi, fcbarcelona, osasuna, viral, viralvideo, viraltiktok, tendencia, tendencias, tendenciavideo, trend, trending, trendingvideo, fyp, parati, foryoupage, foryourpage, fcbarcelona%F0%9F%94%B5%F0%9F%94%B4, barcelona, barcelonafc, barca, fcb, xavihernandez",futbolporminuto,6330,71,376,20
