batch,index,music,hashtag,author,likes,comments,shares,saves
1,0,I Wouldnt Mind - ♱,"christiantiktok, christianhumor, christianjokes, christiancomedy, christian, christianitytiktok, godisgood, jesussaves, jesusislord",dangmattsmith,162900,2900,21100,674
1,1,original sound - REEKON Tools,,reekontools,640800,3858,105200,77600
1,2,original sound - sarah.,"winter, harrypotter, ice, icecicles",wetknees777,2800000,12100,202800,54400
1,3,original sound - Medazelli☔️,,medazelli,334600,680,41800,2641
1,4,OSAKPOLO TRANSITIONS - Ekenechukwu🔥😇,@sylvestergrandee20,wendyperdy0,10900,187,429,28
1,5,"Freaks but Slowed, Muffled Echo - Jaye Augustine","cornkid, mrbeast, fyp, memories, viral",lovecuhris,675700,4682,70300,3214
1,6,original sound - Kelly & Kody,"comedy, relationship, couple, funnyvideos, foryou",positravelty,1200000,21400,115000,259600
1,7,nhạc nền - us.cominghome.99,"cominghome, surprise, soldiercominghome, military, viralvideo, fyp",us.cominghome.99,99800,680,8357,1851
1,8,The Mop - TisaKorean & Kblast & Huncho Da Rockstar,,samdezz,309300,4193,26700,1258
1,9,DM IG In Bio For Unreleased - LeakedTune🖤,,liddolexx,201300,660,7026,350
1,10,original sound - jake rasmussen,fyp,jacob_t_king,573500,10400,91300,36800
2,0,оригінальний звук - Lauuuzzz,rec,lauuzz2,86900,1035,6971,15300
2,1,original sound - AlanSteinJr,,alansteinjr,9512,88,1823,4284
2,2,original sound - StrictlyBBall,strictlybball,strictlybball,166700,1868,11000,3419
2,3,Aesthetic - Tollan Kim,"@oriedelshtein3, basketball",hennen_workouts,57300,78,2732,41
2,4,NBA on ESPN Theme Song - Instrumental King,"@iamtheroyalguard, unwrittenrules, basketball, lomdon",everybodyhatechriss,177000,242,8986,304
2,5,original sound - mae💞,"nikolajokic, denvernuggets, basketballcoach, teambasketball, nba, basketball",alldayathletes,7195,130,443,248
