batch,index,music,hashtag,author,likes,comments,shares,saves
1,0,original sound - REEKON Tools,,reekontools,640800,3858,105200,77600
1,1,I Wouldnt Mind - ♱,"christiantiktok, christianhumor, christianjokes, christiancomedy, christian, christianitytiktok, godisgood, jesussaves, jesusislord",dangmattsmith,162900,2900,21100,674
1,2,original sound - Paul Vu,,paulvutv,152200,9382,23800,14100
1,3,original sound - Benjamin Tiffen,"tiffytoky, fyp, relatable, boys",tiffytoky,6100000,28400,572500,61200
1,4,Love You So - The King Khan & BBQ Show,,czerbeoim,10200,260,1244,95
1,5,orijinal ses - caner,"takelookmygirlfriend, fyp%E3%82%B7%E3%82%9Aviral, viralvideo, doratheexplorer, fyp%E3%82%B7%E3%82%9A, jayjay, foryoupage, fyp%E3%82%B7, rizz",lauren__jayden,1800000,30500,232500,61200
1,6,original sound - The Relationship Hub,"lenaxmaury, fyp%E3%82%B7",selenaaryanaa,276600,401,17900,1569
1,7,2AM - SZA,"makeup, fyp, foryoupage%E2%9D%A4%EF%B8%8F%E2%9D%A4%EF%B8%8F, wtff, sza, nicki",jujswift,2500000,21400,176400,47700
1,8,sonido original - halo,"diamantblazi, seckoff, bball, basketball, fyp, dance, gamewin, gameday, viral, foryou, trend, floridabasketball, florida, usa, usabasketball, trio, dunk",diamantblazi,565000,2743,36200,4210
1,9,I fck up - Prince Ayaya,"@aba_dope, akonoba_ghana, viralvideo",original_akonoba,310800,992,12500,1285
2,0,original sound - Andrew2,"tiktok, movies",vonhojsf,278600,331,13100,122
2,1,original sound - Chris and jasmin,"surprise, drama, fyp, viral, trending",chrisandjasmin,13700,330,1754,207
2,2,original sound - Taylor Quitara,"momsoftiktok, playroomdecor, kidsroomideas, fyp%E3%82%B7, viral, trending, interiordesign, toddlerroom, toddlersoftiktok, momtok, funny, apartmentlife, momlife, homedecor, lifewithkids",aaliyahxnolan,1200000,1812,35800,1470
2,3,original sound - Logan Micke,loganmicke,loganmicke,87700,462,6342,81
2,4,original sound - Quest Gulliford,"@anthonycasper1024, @rosssmith",questg.tv,86400,601,3157,718
2,5,Fireball Challenge - 🕺🏼Hoodie fam🌏,,kamelahill,247200,2499,10400,5649
2,6,original sound - Mikayla T,,imofficialm,56400,675,2269,448
2,7,original sound - I LOVE JESUS♥,"christmas2024, merrychristmas, jesusname, lordamen, happybirthday, thankgod, jesuschrist, america",usa.jesusloveyou,400300,47000,41700,53100
2,8,original sound - torross.crafted,"leatherasmr, leathercraft",torross.crafted,4300000,26100,276500,41800
2,9,original sound - f u n n y moments,"fyp, couple, couplecomedy",funnyviralvms,296100,6387,33900,3369
2,10,original sound - Didios,"random, facts, shocking",didiios,3725,1450,496,1427
2,11,Creepy and simple horror background music(1070744) - howlingindicator,"facts, randomfacts, learnontiktok, satisfying, factsyoudidntknow, curiosity",calgenius,4788,827,1136,4685
2,12,Somewhere only we know - 01,"fyp, viral, pov, viraltiktok, parati, fy, trending",ayyysmokey,115400,173,4102,271
2,13,original sound - kayla,fyp,kaylamalecc,671600,4229,69200,1840
2,14,original sound - Cameron Roh,fyp,cameronrohpovs,1200000,15800,171100,14400
2,15,Umona Toby x Chley x Major x Yuppe - Major_Keys,,tebogolinda1,377400,2348,9833,4236
2,16,original sound - @DEE MA JAY10,"fitness, postpartum, weightloss",princessblossom.mum,21500,375,653,393
2,17,sonido original - Sosa jhons,,sosajhons,783400,20100,52800,26400
2,18,original sound - Batsy🦇🕴🏽,"fyp, viraltiktok, voiceovers, frozen, frozenvoiceover, batmandontgaf",batmandontgaf,117700,1185,24400,3554
2,19,THE NEXT STATION IS SHIBUYA - 𝙿𝚊𝚗𝚍𝚡,"@f_no_cool, @nevstudioofficial",arshia_._bk,394700,8981,49400,5402
2,20,original sound - kardashianshulu,"fyp, rip, bestfriend, addiction, darkhumor, cemetary, recovery",drpeppermamii,1000000,4252,31000,15300
2,21,You dont know me - ellery,,itshouldbebroke,4800000,14200,319800,4287
2,22,original sound - PreciousK,"preciouskutie, mannequin, bestie, defending, bestfriends, bestfriendgoals, bestiesgoals, dogsoftiktok, comedyskit, fyp",preciouskutie,883800,26000,134700,74200
2,23,original sound - Blondemilkman,kaneandprymrr,kaneandprymrr,22000,192,2648,101
2,24,original sound - Terha.,"memes, blowthisup, floptok, shorts, justjokes, trending, realdankclips, viralvideo, realdankcrops, fyp%E3%82%B7, memestiktok, jokes, dankvids, relatable",dankvids1,387600,8169,50500,7474
2,25,original sound - NaomiHearts,"relatable, plussize, foru, plussizeedition, funny, comedy",naomiheartsxo,517799,7773,39100,17700
3,0,Creepy horror ambient(1022762) - howlingindicator,"disturbing, 911calls, crime, truecrime, 911, crimejunkies, foryou, cops, storytime, foryoupage, fu, reddit, fyp%E3%82%B7, mattponomarenko",crimewave_911,796100,9455,71900,9392
3,1,original sound - Lara Rose,"relatable, funnymoments",lara.rose782,25900,65,4234,51
3,2,original sound - 𝐊𝐬𝐚𝐢,"rorybrooks, kikidoyouloveme, kiki, lol, extreme, raining, rain",real.rory,182200,739,11400,811
3,3,original sound - ava 🧘‍♀️,,abekikirov,1900000,5350,94300,18100
3,4,original sound - Rihanniaa,"rihanna, rihannawork, rihannavideo, rihannafenty, badgalriri, rihanniaa, concerts, rihannaperformance, robynfenty, rihannaconcert, concert, singers, @rihanna",rihanniaa,34900,328,2464,382
3,5,Simple Pleasantries - Arthur Benson,"breathalyzer, breathalyzertest",stephenmakesvideos,202700,499,4098,145
3,6,original sound - Double Ds Twins,"doubledstwins, fyp, dsreact, egg",doubledstwins,353100,7741,29700,17400
3,7,"Chrissy, Wake Up - The Gregory Brothers",strangerthings,ricasaurus.rex,727900,2449,34500,3159
4,0,Aesthetic - Tollan Kim,"fyp, movie",lottietran,477000,979,29500,813
4,1,"Suspense, horror, piano and music box - takaya","tiktokusa, usa, science, fyp, foryou, movieclip",movieclips93568,80500,786,7093,1103
4,2,original sound - ℒ𝒾𝓁𝓎⸆⸉,"@plmakeupacademy, @glowrecipe, @bubble, @lorealparis, @makeupbymarioo, @tarte.beauty, @bossupcosmetics, plouise, plouisemikayla, makeup, grwm_aesthetics, grwmroutine, grwmroutine, grwmmakeup",grwmwithlily8,48100,2644,4203,734
4,3,Muntu Wami Ft Dladla Mshunqisi Dj Tira - Bello_No_Gallo,"fyp, foryou, lgbt, lesbiansoftiktok",mqadi_sc,47600,217,500,91
4,4,YKWIM? - 东 百 下小 雨,"viral, sad, love, pain, real",silkyslive,365400,6534,50600,2480
4,5,original sound - Iris,,bfluva,39100,2,2573,55
4,6,original sound - doyoucare😐,,rooobidoobi,2600000,22300,311800,11300
4,7,original sound - 𝑛𝑒̀𝑙𝑙𝑎ଓ,"twins, mixup",starandshontwins,186400,657,6306,1028
4,8,original sound - Haley 🌙 | aemkniqht,"fu, erich, money",mezrichest,1000000,22400,89000,17700
4,9,original sound - JAYLLNN,coffee,realjayllnn,321100,3985,15800,5042
4,10,happy birthday,"bday, happybirthdaytome, aquarius, itsmybirthday, birthdaygirl",sasha_british,93400,3089,2408,263
4,11,original sound - Mr.Linguini,"fyp, 06, viral, xybca, xzyabc, relatable, fyp%E3%82%B7, hellokitty, hellokittygirl, bpd, antipsychotics, bipd, seroqueltok",littledollirl,183700,898,11500,820
4,12,original sound - Mind Blowing Facts,"randomfacts, learnontiktok, factyoudidntknow, random, facts, curiosities, satisfying, relaxing",mindblowingfacts16,37000,7503,3659,36300
4,13,original sound - Mr. Chamberlain,greenscreen,doulieupnext,122200,60400,23500,2886
4,14,Booty Meat - Sexyy Red,,typicalmisty,569600,1373,44000,998
4,15,Ick - Alt Ending - Lay Bankz,"@nevstudioofficial, @vitalydesign",arshia_._bk,755100,18700,81000,12200
4,16,MNIKE VS DRIFT BY J3 - DEEJAY J3#THE TECHNICAL ONE,"militarylife, papishella, army, marines, navy, fortdrum, realest, mission",papi_shella1,56500,276,723,417
4,17,Bongo Cha Cha Cha - Goodboys,lifehacks,rikke_alsted,603200,2421,68900,15800
4,18,AIN'T GONNA ANSWER - NLE Choppa & Lil Wayne,,nevaaadaa,108700,1563,9451,342
4,19,orijinal ses - caner,"fyp, mylove, grandad, wholesome, takealookofmygirlfriend",grandadfrankk,3700000,12600,156600,43200
4,20,original sound - AGGAYUCITA<3,,aggayucita,2200000,16900,249200,42900
4,21,original sound - myah,"mexico, mexicancandy, fyp, fup%E3%82%B7, fyp%E3%82%B7%E3%82%9Aviral, makethisgoviral, candy, candytok, fyp%E3%83%84",living.like.aileen,1100000,0,60300,3706
4,22,New Home - Frozen Silence,"fyp, elementaryschool, kid, 08, dentist, satire, relatable",i.think.im.emo,77000,612,11000,180
4,23,original sound - riley mae,"interview, streetinterview, tiktokchallenge, challenge, viralchallenge",rileymae,5369,32,513,35
4,24,MURDER ON THE DANCEFLOOR X LADY - ALTÉGO,"stretchmarkremoval, paramedicaltattoo, stretchmarkcamouflage, stretchmarksolution, paramedicaltattooartist, stretchmarksremedy, stretchmark, enluvbeautylounge, stretchmarks, stretchmarktattoo, stretchmarksbegone, braziliancamouflage, postpartumbody, inklessstretchmarkremoval",aryannahoefler,61600,355,5626,773
4,25,original sound - Prince EA,,realprinceea,530900,8038,119900,27300
4,26,original sound - Calm kid😇,"jennyslimzyandugoeaglet, viral",jennyslimzyandugoeaglet,47100,478,1073,327
4,27,original sound - songs.7483,,notmalyciaa,332000,634,43800,2522
5,0,Funny Song - Bruno Portinho Trilhas para filmes,"worklifebelike, relatable, officehumor, workhumor, worklife, fyp, fyp%E3%83%84, jobhumor, officelikebelike, havingfunatwork, workjokes, workmemes, funny, atwork, workhumor%F0%9F%A4%A3, workbelike, officelifebelike, joke",worklifeinsights,318100,2258,16700,41900
5,1,50 STATES - DELiLAH,"handwriting, handwritingchallenge, 50statessong, fyp, handwritingcheck, handwritingvideos, norashandwriting",noorrraaaaaaaa,233600,1203,39900,1388
5,2,original sound - abeardedman,"fyp, foryoupage, motivation, foryou, fyp%E3%82%B7, trending, viral",abeardedmanofficial,619200,3268,45500,11400
5,3,La Suma - Javier Rosas Y Su Artillería Pesada & Lupe Borbon y su Blindaje 7,"fyp, foryou, mexican, viral, mom, hispanic",andrew_trs,218300,1354,26900,2736
5,4,original sound - #getactive🫵🏾,"tommytheclownedit, fyp%E3%82%B7, tommytheclownn, ifollowcommunityguidlines, tsquadedits, ladyktsquad, ladyktommy, ladyktommytheclown%F0%9F%92%95, lineitup",_tsquaddeditz,80900,319,11900,388
5,5,Mmhmm - BigXthaPlug,"viral, fyp, foryou, bracelets, colorful, teacher, 5thgrade, fyp%E3%82%B7, blowthisup, drip, trending, xyzabc, xyzbcafyp%E3%82%B7",elijahkobe17,673800,3066,52100,868
5,6,original sound - v,"girlmeetsworld, rowanblanchard, livandmaddie, disney, disneychannel, fyp, chaehuyn",chaehuyn,1400000,2395,72700,2513
5,7,original sound - Relo,"@tragicthegreat, fortnite, fortnitefail, fortnitefunny, fortnitechapter5, fyp",reloteles,590200,5084,83600,9555
5,8,Meow - Dust☆,,brentrivera,252400,514,14200,1392
