batch,index,music,hashtag,author,likes,comments,shares,saves
1,0,I Wouldnt Mind - ♱,"christiantiktok, christianhumor, christianjokes, christiancomedy, christian, christianitytiktok, godisgood, jesussaves, jesusislord",dangmattsmith,162900,2900,21100,676
1,1,original sound - REEKON Tools,,reekontools,640800,3859,105200,77600
1,2,original sound - active <3,fyp%E3%82%B7,tina_042,333300,3917,18300,910
1,3,original sound - mystara,"scaryredditstories, nosleep, fypppp, mystara, storytime, horror, creepy, asmrcooking, satisfying",mysstara,20700,392,3448,242
1,4,original sound - Travis Doodles,"love, kindness, blessings, hope, money",travisdoodles,346700,1933,18500,351
1,5,Dandelions (slowed + reverb) - Ruth B. & sped up + slowed,"fyp%E3%82%B7, trending, viral, couple, couplegoals, love, boyfriend, themacfamily",themacfamily,350300,2926,27700,9828
1,6,sonido original - 🫣ZHANE OFICIAL 🙈,,zhane_oficial,294600,512,23300,3469
1,7,original sound - We_Tha_Future5,"snearkerhead, fyp, creaseshoes, fyp, viral, content, relatable",we_tha_future5,164400,3414,13000,7192
1,8,original sound - Itsjustourlife 🦋,"fyp, foryou, foryoupage, viral, foodreview, playfood, toyfood, learnthroughplay",itsjustourlife,290500,451,25800,598
1,9,original sound - Funny,"meme, funnyvideos, fyp",memebrzi,4700000,35700,478900,157800
1,10,original sound - Yaadiie 🇯🇲🤪,"dellyfever, fevergang, dellyandjunior, jamaicantiktok, jamaicatiktok, jamaicantiktok%F0%9F%87%AF%F0%9F%87%B2viral, couple, couplegoals, couples, couplecomedy, couplestiktok, fyp, viral, nickiminaj, rickross",dellyfever,76000,502,5511,1355
2,0,original sound - Aliyah Marie,,aliyahm411,86800,696,7278,2480
2,1,escape - Kilgore Doubtfire,,k3rr._stars,4099999,14300,472200,69800
2,2,3:03 PM - しゃろう,"fyp, fyp%E3%82%B7, japanesegirl, lifestyleinfluencer, japanesegirl, challenges_tiktok, challenges, tiktokchallenge, japan",yunalatte.uk,187800,514,10700,133
2,3,original sound - tarayummyclips,"tarayummy, tarayummyedit, zachjustice",tarayummyclips,44500,15,2192,25
2,4,original sound - 🎀Vanessa🎀,@vanibarrioss,vanibarrioss,144100,99,5864,202
2,5,original sound - nevaeha,"grwm, grwmforschool, confrotingcheatingbf, blowthisupforme, storytimegrwm, grwm, nevaehachristine",neevaeha,11600,440,1314,8
2,6,original sound - @Hannah.Nicole.96,"country, music, school, middleschool, teacher, cleanmusic",hannah.nicole.96,150500,1124,7664,93
2,7,Storytelling - Adriel,"foryou, americasgottalent, britiangottalent",gameshow.foryou19,1600000,8104,156400,12800
2,8,original sound - Ellysa Yagho🐦,,new.ellysa,270500,1207,16500,1075
2,9,original sound - Poggues,"fbi, storytime, pov, viral, %E2%9D%A4%EF%B8%8F, foryou, mona, popular, trending",thepoggues,135100,515,10200,165
2,10,original sound - AmourMillie and Jayda,"@sienna.is.a.dog, britishaccent, fyp%E3%82%B7%E3%82%9Aviral, foryou, emojayda, viraltiktok, jaydaamourmillie, victorianchild, trend, jayda, viralvideo, blackhistorymonth",jaydaamourmillie,123700,332,9544,166
2,11,tara yummy is yummy - pip,"@novabeauty, tarayummy, makeup, smokyeye, makeuptutorial, lipcombo",isabellrrose,490400,826,56500,484
2,12,son original - addi,"charlidamelio, doppleganger, charlidamelioedit, limnplus, resemblance, lookalike, charlidameliolookalike, addisonre, addisonre, damelio, dixiedamelio, addisonrae_update, addisonrea, charlidameliofanpage, charlidameliodance, briskeria, 2020tiktok, viralls, damelio",addisonrae_update,74600,993,6746,272
2,13,الصوت الأصلي - 🪪,,sairaayan__,908700,3127,54200,13000
2,14,origineel geluid - Mindsetbrothers,fyp%E3%82%B7,tina_042,1200000,4300,99200,5879
2,15,original sound - max,"fyp, victorious, jade, jadevictorious, jadevictoriousedit, victoriousedits, foryoupage, foryou, jadewest",blued.fx,143200,280,18900,441
2,16,original sound - Relatable…,"fyp, couple, bake, relatable, viralvideo, gf, bf, foryourpage",jnl.production,152900,1555,13100,532
2,17,original sound - kalia 🌷,"hairstylistsoftiktok, haircutconsultation, layeredhaircut, kidshaircut",kaliafloress,523600,1475,33900,574
2,18,Let Go - Ark Patrol,,annaschottin,2100000,5852,267500,26200
2,19,The Hustle - Van McCoy,"chinastyle, fyp, jade, jadeite, bracelet",gps9597,760400,1220,35000,1209
2,20,original sound - Bobby Mares,,itsbobbymares,9253,42,1230,14
2,21,son original - soleil🩰⭐️,,toxicthotsyndrome,679800,1438,18100,1195
2,22,original sound - joshy,"dahood, dahoodroblox, dahoodian, dahoodfyp, roblox, robloxfyp, robloxfyp, robloxdahood, fyp, fyp%E3%82%B7, foryoupage, dahoodmontage, dahoodclip, foryou, viral, trending, dahoodstar",joshy2cute,58600,998,8054,456
2,23,"Exciting, exciting, cute songs(1283711) - Korepoi","8turn, straykids, kpopfan, kpopfyp, in, itzy, hellokitty",bebopandbebe,1000000,3576,92500,12200
2,24,original sound - Jillz,"momlife, momsoftiktok, grandma, motherdaughter",jillzfoodz_,399900,746,20100,511
2,25,original sound - Grama Sandy,"fyp, sandybepsycho, recordme, strangers, viraltiktok, noshame, happymonday, february22nd",sandybepsycho,3100000,16200,216300,66600
2,26,original sound - Spice ⭑,"@trishlikefish88, monsterhigh",callmespice_,15600,40,358,12
2,27,She Knows - J. Cole,"narallynajm, najm, lauranajm, najmfamily",imaginaryluxuryblaxlgirl,22700,111,846,20
3,0,Empire State of Mind (Part II) Broken Down - Alicia Keys,"@flynyon, nyc",bethansowerbyy,910000,4441,129900,115300
3,1,sonido original - Dark lirycs,"gf, fy, foryoupage, fyp%E3%82%B7",ivadoublenn78,142100,785,6030,16200
3,2,sonido original - SUPER EXTRA,"d%C3%BAo, danielnoboa",awakeningjuntos,3727,53,552,798
3,3,原聲 - 陳謙文Wingle,"%E8%BF%AA%E5%A3%AB%E5%B0%BC, %E7%B1%B3%E5%A5%87%E5%A6%99%E5%A6%99%E5%B1%8B, %E7%B1%B3%E5%A5%87, %E7%B1%B3%E8%80%81%E9%BC%A0, %E5%94%90%E8%80%81%E9%B4%A8, %E5%A4%A9%E9%81%93, %E6%B5%81%E9%87%8F, %E7%86%B1%E9%96%80%E6%8E%A8%E8%96%A6, %E6%96%B0%E5%B9%B4%E5%BF%AB%E6%A8%82, %E9%BE%8D%E5%B9%B4%E8%A1%8C%E5%A4%A7%E9%81%8B",wingle39,12800,161,1201,687
3,4,Kevin Whitfield reminds you to find a loophole - Kevin Jeffery,"thingscouldbeworse, calamityware, fyp%E3%83%84%E3%82%B7, fyp%E3%82%B7foryoupage, fypppp, viralllllll, funnyvideos, sarcastichumor, sarcasm, itsfreetobekind",calamityware,15900,189,974,4547
3,5,original sound - W¡Z^RD AV3R¥,,babatunde_hiphopera,1400000,6294,134800,309400
3,6,original sound - Hanging Out,,hangingoutclips,631800,3461,29300,3976
3,7,original sound - Date Right Stuff,fyp,daterightstuff,1100000,8524,56900,19000
3,8,original sound - DominatingMotivation,,dominatingmotivation2,341300,369,60800,17200
3,9,original sound - Sandbag AI,"monolog, lifequote, neverstopbeingagoodperson, foryou, trend, fyp, fyp%E3%82%B7, foryoupage, fyp%E3%82%B7%E3%82%9Aviral, aesthetic, trending, viral, foryoupageofficiall",sandbag_ai2024,12800,98,2535,902
3,10,Dance You Outta My Head - Cat Janice,"compartelo, like, catjanice, catjaniceson, apoyo, @cat.janice, @tiktoklatam, @tiktokshop_us, @tiktokshopcreator.vn",dianaisago,12700,98,570,118
3,11,sonido original - Mariuxi M,"danielnoboa, rafaelcorrea, bicosisnicebicosisjansom%F0%9F%92%83%F0%9F%8F%BB%F0%9F%95%BA%F0%9F%8F%BB",mariuxi_azul,24900,2172,1928,7990
3,12,original sound - 🤞,,bilalahy,2800000,17100,307600,27600
3,13,Get You the Moon - Syf,"lifehacks, didyouknow",jaykavanagh7,1951,62,52,45
