batch,index,music,hashtag,author,likes,comments,shares,saves
1,0,original sound - REEKON Tools,,reekontools,640800,3858,105200,77600
1,1,I Wouldnt Mind - ♱,"christiantiktok, christianhumor, christianjokes, christiancomedy, christian, christianitytiktok, godisgood, jesussaves, jesusislord",dangmattsmith,162900,2900,21100,674
2,0,original sound - Debbie Valdez,"fyp, fyp%E3%82%B7, couple, couplecomedy, couple, foryoupage, relationship, couplegoals, viral, couplelove, trending, xybca, funny, couplestiktok, relatable, foryou, boyfriend",debbiekval,2200000,4454,171800,16900
2,1,original sound - Moviefather0,"fyp, foryou, tvshow",movie0o778,394200,604,34700,679
2,2,AH TXE TXE - GIANT & TYSON,,noelgoescrazy,237100,1437,9788,1875
2,3,three BOCOLATE BIP BOOKIES - TOGUSA,,not.trinityy_,275800,2092,24700,4015
2,4,AIN'T GONNA ANSWER - NLE Choppa & Lil Wayne,,sabyhesri,162400,1734,19100,342
2,5,original sound - European kid,,theeuropeankid,696300,2038,28600,1866
2,6,original sound - Funny facts,"fyp, boys, girls, signs, crushes, viral",funnyfactsvn,174000,4205,17600,56400
2,7,original sound - 思玲babyqueen,"@dingangankonzi, pourtoi, foryou, babyqueen",ababyqueen,16000,466,666,133
3,0,midnight sun (ramzoid x hal walker) - ZOID LAND,@jeff1fam,flexidisplay,46200,22400,5615,176
3,1,original sound - Brooke 👩🏼‍🎤,"@ayetaetae_, @sgc_von",nadeshaig,68600,334,6115,195
3,2,LIZZO USED MY SOUND - 🌙,broma,danyelrios04,7200000,51300,434700,102500
3,3,DarkHorse - Colin McIntyre,"fyp, gym",colinmcintyre,691000,1340,38600,897
3,4,original sound - Zach,"bathroombreak, fyppp, bestie, cowboyssuck",lola_oronaa,429600,2262,25100,3792
3,5,Ludwig Van Beethoven On Tour - seb,"fyp, boyfriend, goals, fyp%E3%82%B7, foryou",just_vaniii,847300,4202,83200,15100
3,6,Laffy Taffy - D4L,"feemo, factory, feemomagic",feemoofficail,10300,191,1451,514
3,7,original sound - ✨DLA Fam✨,"family, 6foot10, 5foot2",dla_fam,2800000,29100,153800,16700
3,8,Very Sad - Enchan,"wifi, wifimoney, fypdonggggggg, she, mad, videoviral, fypage%E3%82%B7, fypdonggg, fypage%E3%82%B7%E2%99%A1%E2%9D%A4%EF%B8%8F%F0%9F%A7%BF, video, man, sad, fyppppppppppppppppppppppp, videojuegos2023",videos7240,273300,4657,33700,6537
3,9,Mama Cry - YNW Melly,"fyp, carringtonhenry, trending, goviral, motivation, motivacional, storytime, shot, bitrthday",carringtonhenry,800900,10900,38100,2529
3,10,son original - ACR07,"entrepreneur, foryou, business, matrix",kaihspeakup,6391,205,419,67
3,11,original sound - ㅤ,"stopvaping, novaping, chrisgonecrazy, fyp",chris_gone_crazy00,35100,354,3993,323
3,12,Funny - Gold-Tiger,"@alaskaair, alaskaair, planemalfunction",vee_wins,2200000,6340,95100,31400
3,13,STARs CHALLENGE - 〽️Curly Hair Kid 🧑🏻‍🦱,"@a_nik_star3, fashiontiktok, xyzbca, transition",lildytto,93000,748,2609,124
3,14,original sound - Jay,"diamantblazi, seckoff, bball, basketball, fyp, dance, gamewin, gameday, viral, foryou, trend, floridabasketball, florida, usa, usabasketball, trio, dunk",diamantblazi,242900,1067,16600,1336
3,15,Hit It - Yung Skrrt,"fyp, xybca",fauntdead,453400,1631,33200,6991
3,16,yt is chillytunees - chillytunees,,speed_mcqueen_1,263900,1230,26900,5599
3,17,original sound - thee.underatedd,"@bigthree74, foryou, foryoupage",unicewani,7374,31,164,18
3,18,original sound - Kevin Silberman,"fyp, teachersoftiktok, nappingclass",silb0017,306900,0,23000,1942
3,19,PHONK BRASILEIRO FRESCO - DJ MOIGUS & DJ FKU,"basketballmemes, nbamemes, hoopers, hsbasketball",houseofhighlights,906900,35200,80000,15700
3,20,Went Silly - King Von,"robloxhoodgame, robloxhoodrp, kingvon, oblock, cheating, ak",krazybando,12300,466,2622,257
3,21,original sound - CFN KASAI,"fyp, xybca, cfn, mamamoo",thiskasai,832500,3018,100200,4058
3,22,original sound - The queens family,"fyp, bigfamily, familyof10, momof8, foryou, foryoupage, largefamily",the.queensfamily,158700,672,5957,431
3,23,Watch This (ARIZONATEARS Pluggnb Remix) - Lil Uzi Vert & sped up nightcore & ARIZONATEARS,"@niklaus_prosper, @mahalothedesigner, @ian.sk8tes, trendingtiktok, viral, fyp, sk8teforthelab, iceskates, iceskater, iceskatingrink, iceskating, icehockeytiktoks, iceskate, iceskatingtricks",sk8teforthelab,20100,11800,3197,103
3,24,original sound - Jeffery J,,uluv.luna.tuna,1100000,945,65300,792
3,25,original sound - Claireeee,,clairelizzyxo,74600,251,1602,106
3,26,original sound - Isaac,"fyp, viral, explore",isaacspears10,32000,199,3729,29
4,0,original sound - CFN KASAI,"fyp, foryoupage, cfn",thiskasai,548100,1441,61300,1800
4,1,original sound - Matt Rife,"comedy, standup, standupcomedy, funny, mattrife, improv, crowdwork",matt_rife,2400000,6085,165800,93700
4,2,original sound - Yaku,"fyp%E3%82%B7, fyp, viral, edit",zhr_yahya,605900,14700,75300,10700
4,3,original sound - MainƵ獣,"popular, tiktok, viral_video_tiktok, trendingvideo, fy, fyp%E3%82%B7%E3%82%9Aviral, memesdaily, memestiktok, viral_video, fortnite, fortnitememes",matiasbalaci,246100,3404,24900,3758
4,4,original sound - Wegs,"fyp, fortnite, 0inputdelay, maxfps, editglitch, edit, fastedit",live_wegs,138500,792,72500,1467
4,5,Originalton - Jynxzi,,jynxzisarchive,289100,2172,22300,4395
4,6,Yeah! (feat. Lil Jon & Ludacris) - Usher,"anniversary, confessions",usher,432300,2866,23300,6842
5,0,original sound - 𝓘𝓿𝔂 ✞,"foryoupage, fyp%E3%82%B7",ivytoe,787500,14400,110100,32500
5,1,original sound - Rae,"fyppp, blowthisup, foryoupage, phone",wasntdat.reem,59000,112900,8615,254
5,2,nhạc nền - Meme!,,memescute_usa,839700,7470,146900,14900
5,3,nhạc nền - Hannah and Regal,"husbandwife, dadjokes, viralvideo, titkok, fyp%E3%82%B7%E3%82%9Aviral, foryoupage, trendingnow",hannaahandregal,35600,205,2809,778
5,4,son original - :),"foryou, foryoupage, mectheking, kompa, relatable",mec_the_king,115400,1336,4467,676
5,5,original sound - ✨Kay and Tay✨,"kayandtayofficial, couples, relationships, pregnant",kayandtayofficial,4900000,62700,268900,19300
5,6,original sound - Arcticz X Trikzz,@juan.cortez3,aydenmekus,85800,745,8974,233
5,7,Ick - Alt Ending - Lay Bankz,,lexibrookerivera,1600000,8130,119400,10200
5,8,original sound - Thatgirlellierose,"mentalillness, borderline, bpd, cptsd, psych, fyp, foryoupage, supportedaccomidation, crisisteam, mentalhealth, foryou, foryoupage, fyp, duet, viral, trending, comedy, funny, recovery, section2, psych",thatgirlellierose,145600,1133,13700,523
5,9,Thanks for using my sound - issawrap,,becca_dawn5,99000,479,4523,206
5,10,nhạc nền - Yangg🐬,"yang, yangg, seven, mc_seven, sevendouyin, mcseven",callrimm__,1400000,3589,144200,5136
5,11,original sound - Humor Tank,,humor.tank1,49100,1013,6631,959
5,12,original sound - Kemi the humanoid robot🤖,"calmsmilingkemi, reverse, fyp",calmsmilingkemi,92200,425,3319,296
5,13,School Rooftop (Bird Sounds) - hisohkah,"@thetrenchesglobal, mamaandkenn, mamaandken, momanddaughter, momanddaughtergoals, fyp, fyp%E3%82%B7, foryoupage, foryou, funny, relatable, savingmoney, viral, trending, moneyproblems",mamaandkenn,43100,118,2692,523
5,14,original sound - wrldforeverjuice,"juicewrld, foryou, 999, juicewrldtok, juice",wrldforeverjuice,265500,1268,31900,1478
5,15,original sound - DRUSKI,"mariachi, fyp, meme, viral, mexico%F0%9F%87%B2%F0%9F%87%BD, trending, foryou, foryoupage, foryoupage, mexicantiktok, family, music, newyork, musician, mexican, quincea%C3%B1era, mariachis",mariachireyesnyc,4000000,5681,214000,10300
5,16,original sound - Donniesha Malone,"fyp, oldschool, 90sbaby",donnieshama,184700,2110,19500,3470
5,17,New Boy In Town - Elmah,@josiee_beauty,bintu_hajia,57800,171,1462,113
5,18,AIN'T GONNA ANSWER - NLE Choppa & Lil Wayne,"fyp, wtosquad, trending, foryoupage, nlechoppa, lilwayne",galileaalexaa,78200,858,11500,176
5,19,original sound - ASMR TikTok 🇺🇸🇺🇸🇺🇸,@lobo_fett,joyful.jules,279400,2750,29000,1715
5,20,original sound - user3982363168384,,knight2023.1,530500,293,24100,232
5,21,original sound - sweetnsour,,sweetnsour.official,293200,2381,29000,1283
5,22,original sound - cops camera,,llvllrfanscops,75900,955,5925,408
5,23,original sound - zivsoundz,"@totally.not.angelina316, fyp",paige..rywolt,592100,2583,49700,3718
