batch,index,music,hashtag,author,likes,comments,shares,saves
1,0,Big Ole Facts - Jose Guapo,benetnicole,_b.enet,376900,1288,36300,1216
1,1,original sound - ABKYS,,aubreykeeyyysss,30100,1329,1110,117
1,2,original sound - ★ seplix,,brookemonk_,984200,2308,51000,1293
1,3,original sound - Ur_boe_Taio_03,,njoki_murira00,3132,25,120,24
1,4,original sound - Claire,,yep2361,43900,1114,3213,375
1,5,Originalton - ✰,"lowrisejeans, flarepants, skims, jewelry, hairstyle, ootd, outfitinspo, makeup",leanortizz,1200000,3865,89300,3716
1,6,original sound - Willy Hidalgo 🧪,,radicalhidalgo,1800000,13000,247200,26000
1,7,UKRAINE - Jay Hound & Jay5ive & SweepersENT,,nolimitjay_,235300,1587,23100,972
1,8,original sound - ❥ 🇪🇸◟خويلد ؟,"pianogirl, pianoteacher, biden, prettybabe",torypiex,182900,1349,24700,1514
1,9,wild side - let,,emma_hair_studio,1100000,43000,86300,75300
1,10,SkeeYee - Sexyy Red,,notanothertiktoker619,387600,4997,46800,38700
2,0,Yellow - S l o w e d • S o n g s,"cutedoggy, doglovers, petlovers, goldenretrieverpuppy, babytucker, dog, fypdog, goldenpuppy, dogtok, goldenretriever",goldenretrievertucker,290300,109600,115800,22800
2,1,BIRTHDAY DANCE - Josh Levi,"fyp, foryou",rhydianxo,342100,831,26100,5343
2,2,original sound - The Crooked Traveler 🇬🇭🇷🇺,@elou_comedien,helenita4104lofficiel,67200,769,6135,105
2,3,original sound - Cj So Cool,"fyp, fy",therealcjsocool29,917600,10200,74600,14200
2,4,original sound - thee.underatedd,bunhongseagmopi,nthaabseng,178300,547,4505,909
2,5,original sound - Cameron Roh,fyp,cameronrohpovs,75800,1021,13300,372
2,6,Funny - Gold-Tiger,"siblings, challenge, funny, fyp, challengeaccepted",erisa_laska,55700,330,1582,166
2,7,son original - Army.ylx,"usarmy, military",army.edit01,3800000,14500,283600,12700
2,8,Funny - Gold-Tiger,"fyp%E3%82%B7, trending, viral, couple, couplegoals, love, boyfriend, themacfamily",themacfamily,762200,4243,70700,6063
2,9,flawless diamonds - Tylxrrr™,"kahoot, class, kids, highschool, school, foryou",moreforsports,243400,601,18300,716
2,10,original sound - spo6kzie,"fyp%E3%82%B7, viral, relatable, blowup, bazeuniversity, snap",_dayones,130300,729,6953,1455
2,11,original sound - bhaddiewest,,theerealnettee,156700,501,19300,1175
2,12,original sound - Pilobolus,,pilobolus,14200,234,2994,304
2,13,original sound - Funnyhaha1us,"memes, funny, viral, fyp, xuhuong, cute, couple",hehe123us4,581500,1389,60000,11800
2,14,MISS MISS WESTY - yeezyupdates,"grwm, matchingoutfits, mommyandme, fyp%E3%82%B7",estxefania,296300,1324,18900,729
2,15,original sound - @nana😘,fyp,saniyaha,271600,1099,50300,1647
2,16,original sound - BritishBantz,,brookemonk_,687400,1814,44600,1702
2,17,Flowaboi Ake Tsebe Ke Tsubile - IG: flowaboi_rsa🇿🇦,phindilegwala,phindilegwala_,332300,5195,6988,2698
2,18,original sound - ✨Kay and Tay✨,"kayandtayofficial, couples, relationships, pregnant, postpartum",kayandtayofficial,2300000,12300,102500,6341
2,19,original sound - esli !,"fyp, foryou, grwm, relatable, thingsihate, real, viral, viral%3F",.eslis,160500,1234,21700,474
2,20,this world is sick - Antent,"fyp, crush, viral",joshterrellclips,34400,252,4538,269
2,21,Low - Flo Rida,gladyouasked,paulinamisha,1800000,38000,123600,102800
2,22,original sound - Anna Faye💌,"fyp, foryou, preppy, annough, trending, annafayeslays, fyp%E3%82%B7, xyzbca, viral, fake, joke, satire",preppyannafaye,65400,593,8036,143
2,23,original sound - Anni C,"duet, fyp, lilkari, hoodcarols, hoodchristmascarols",lilkari_36,242800,603,28500,728
2,24,original sound - EX7STENCE™,"arelymurgo, myself",arelymt7,10400000,228500,378700,23600
2,25,original sound - TONY STATOVCI,"fyp, viral",rgl220,772100,2065,89600,9139
2,26,You really thought you ate - ☆⋆｡𖦹°‧★,"fyp, fyp%E3%82%B7, sofiachicorelliserna",sofia.chicorelliserna,824000,4495,112500,4327
2,27,original sound - south.parkour,"fyp, adoptme, friend, %F0%9F%A4%B7%E2%80%8D%E2%99%80%EF%B8%8F, viral, @0mgxmel0dy, @anthrbckupleahxh, @vincntt0, @2024weviee",..gorgmiaxo,148,26,21,1
2,28,kai bomboclaat - 6’2 with dreads btw,,baby.nashyyy24,952500,3083,69000,22200
3,0,original sound - Cam,"fyp, foryou, xyzbca, wordle",totallynotcam,186600,468,7604,159
3,1,jumpstyle1 - voveewwqq((Monsterkill)),"fyp, dog",french_lunch,662400,3939,74500,15700
3,2,Suns - Official Sound Studio,"massage, massagetutorial, massageathome, calfmassage, legmassage, calfworkout, legcare, spamassage, healthy, massageusa, fyp",healingspa82,1300000,2561,501400,184900
3,3,original sound - Josh Liljenquist,,joshlilj,545900,1434,20400,655
3,4,原聲 - strawberryjam1986,"keyboardasmr, keyboard, customizedkeyboard, cutekeyboard, keyboardart, lofree",strawberryjam1986,595800,22200,90200,28400
3,5,original sound - Liam Miller,,liammillerr,4900000,51700,241200,92500
3,6,Aesthetic - Tollan Kim,"fyp, foryou, gaming, saloodz, foryoupage, trending, fortnite, fortnitetips",saloodz,184000,1787,17700,399
3,7,original sound - Tommy,@tabithaswatosh,tommyunold,376200,124,16900,62
3,8,original sound - Gavin.kernstinee,igmirandahhmarie,mirandahshaul,409300,1801,44600,7141
4,0,original sound - Steve Dimopoulos,"pourtoi, lamborghini, aventador, blondes",babylio_tiktok,197500,842,19300,5004
4,1,Cha Cha - ZEDDY WILL,,asiancardib,16600,2037,2152,35
4,2,original sound - AfroSamuraiT,"lifehacks, lifehack, ksi, prime",afrosamuraitt,266000,22700,63900,1087
4,3,SPONGEBOB - Noms(ox),"memecut, meme, fyp, viral, xyzba, blowthisup",keekee.da_best,297000,1053,52500,1815
4,4,original sound - Jumpers Jump Clips,"jumpersjump, podcast",jumpersjumpsclips,128100,591,15200,470
4,5,original sound - Saint,"foryou, fyp, egotalkin, bianncarraines, kids, challenge, singing",bianncarraines,205900,772,14300,140
4,6,original sound - spo6kzie,"jujuwalk, rihanna, tiktokghana%F0%9F%87%AC%F0%9F%87%AD, nigeriantiktok%F0%9F%87%B3%F0%9F%87%AC%F0%9F%87%B3%F0%9F%87%AC",beyoungsterss,5961,28,156,21
4,7,original sound - WrestlingGalaxy,"wwe, wrestling, wrestletok, johncena",wrestlinggalaxy_,4782,43,464,76
4,8,original sound - Rusty the Raccoon,"foryoupage, foryourpage, raccoon, raccoonsoftiktok",rustytheraccoon,2900000,15900,223000,110800
4,9,original sound - DKTHEMENACE,,1700hund,298900,3182,24400,742
4,10,original sound - amber unraveled,,sabinaakielbasa,982000,1906,58100,10200
4,11,original sound - ykare,"@waiting1307, juicewrld, virall, ykare",whyk4re,467800,3549,51600,6054
4,12,Made for me remix - djrunit954,"twinbrothers, faternaltwins, twins, twinparents, fyp",officialmartinfam,566400,2661,50500,2577
4,13,u better f me like u mean it - 𝖗𝖏 ☆,"fyp, spoiled",ms.dinero3,77100,392,5190,716
4,14,original sound - Adro💰©️,"wockhardt03, xzyabc, relatable, viral, famous",wockhardt03,1400000,5249,128600,12400
4,15,Can't Take My Eyes Off You - Original Extended Version - Boys Town Gang,,colemfallison,328200,1733,29800,4548
4,16,original sound - Braxton Picou,"basketball, sports, fyp, viral",braxtonpicou,225000,265,18400,246
4,17,original sound - Evandinner 💫,,tha_lotl,213200,875,22800,2546
4,18,original sound - TheMacaulleys,"fyp%E3%82%B7, trending, viral, couple, couplegoals, love, boyfriend, themacfamily",__themacfamily__,68600,277,3697,202
4,19,bent instrumental - ⚜️,"aesdr, relatable, viral, fyp, rizz, babysitter",yourkute,77500,366,16200,451
4,20,Aesthetic - Tollan Kim,"built, secret, room, couch, challenge, foryourpage, tiktok",moresim2,1300000,1581,95600,1382
4,21,original sound - Andrew2,"tiktok, movies",vonhojsf,177600,90,8589,124
4,22,original sound - Mosiah,"funny, relatable",mosiah.h,311000,1215,45000,2287
4,23,Blick - ScarLip,,retirementhouse,140200,1550,12300,2693
4,24,original sound - GoofyCredits,"mall, rizz, askingout, real, fyp, fyp%E3%82%B7, viraltiktok",goofyahcredits,128000,348,10800,588
4,25,original sound - 6footkillaa,"publicinterview, height, heightproblems, fyp, viral, foryou",6footkillaa,23600,228,2376,73
4,26,Darnell_thats_U - Jet,,td.da.kid,317600,1626,49500,2037
4,27,original sound - annfam💞,fyp,nicoleramirezz4,17000,54,698,21
4,28,original sound - T@$H,"fyp, act, fypage",brianna_faison,33800,323,7350,277
5,0,Calm (Lofi) - Faneo sound,"motivation, pastormikejr, inspiration, winning2024",pastormikejr,115500,1848,19900,13700
5,1,original sound - Pastormikejr,"hope, pastormikejr, motivation",pastormikejr,79700,2042,10900,10200
5,2,Calm (Lofi) - Faneo sound,"motivation, pastormikejr, inspiration, winning2024",pastormikejr,82100,1285,14300,11000
5,3,Calm (Lofi) - Faneo sound,"pastormikejr, motivation, inspiration, winning2024",pastormikejr,41800,609,5202,4771
5,4,Boundless Worship - Josué Novais Piano Worship,"inspiration, motivation, pastormikejr",pastormikejr,239400,4801,42100,40300
