batch,index,music,hashtag,author,likes,comments,shares,saves
1,0,I Wouldnt Mind - ♱,"christiantiktok, christianhumor, christianjokes, christiancomedy, christian, christianitytiktok, godisgood, jesussaves, jesusislord",dangmattsmith,162900,2900,21100,676
1,1,original sound - REEKON Tools,,reekontools,640800,3859,105200,77600
1,2,original sound - Zander Silva,"capcut, fyp, fyppppppppppppppppppppppp, fyppp, fyp%E3%82%B7, fypage, fyp%E3%82%B7%E3%82%9Aviral, fypage, fyp%E3%82%B7%E3%82%9Aviral, foryoupage, funnyvideos%F0%9F%98%82%F0%9F%98%82%F0%9F%98%82, funnyvideos%F0%9F%98%82%F0%9F%98%82%F0%9F%98%82, funnytiktok",funnny_for_you,1100000,12400,187600,79700
1,3,original sound - EB Family,"mixedkids, trending",eb.family,427700,2693,26600,2267
1,4,оригинальный звук - isababy,"burrbasket, fyp",em3lyyym,70000,1001,7615,501
1,5,original sound - Law_phoenixx,"office, police, copsoftiktok, trending, viral, learnontiktok, cops",lawphonex,1500000,26000,117600,58800
1,6,original sound - Zayaan,"spotifywrapped, spotify, zayaanvids, zayaan, greenscreen",zayaan4,515299,3504,75500,1173
1,7,original sound - <3,"@moon.safe, bffgoals, familycheck, %E2%9D%A4%EF%B8%8F%E2%9D%A4%EF%B8%8F%E2%9D%A4%EF%B8%8F%E2%9D%A4%EF%B8%8F%E2%9D%A4%EF%B8%8F%E2%9D%A4%EF%B8%8F%E2%9D%A4%EF%B8%8F%E2%9D%A4%EF%B8%8F, whenurmomabaddie",the_zepto_club_56,70400,231,13800,919
1,8,PITCH THAT ASS - MR. OH MY GAWD 😎,"@officialgsmooth, @pjhowardiv, @slim199x",hiphop_dancer06,628000,14100,45300,18600
1,9,Clouds - Aitan A.I.,"@kotaroouu, wow, howitsmade",trendygabriel,2100000,15800,200200,11700
1,10,What U Doin - KD Da Kid,"fyp, newmusic, kddakid, blowthisup, viral, youtube, kidrapper",thelitfamily4l,8303,116,956,59
1,11,original sound - Mister Lewis,,mister.lewis,1900000,12000,98100,52300
2,0,original sound - 𝙹 𝙾 𝚈 𝙲 𝙴 𝙻 𝙸𝙽 💋,"serverlife, serverproblems, servertiktok, servers",lujanojoyce,145700,0,21900,844
2,1,original sound - blau,"blau, streamer",blaustoise,40000,136,3614,308
2,2,Past Lives Spongebob AI - AlfaRivalesMatal🎶,"jesus, jesuslovesyou, jesusisking, jesussaves",luck1684ww0,338900,62100,85200,24000
2,3,Short selection sound - zmino,"foryoupage, selam_live, viral, fyp",selam_live,1410,723,298,946
2,4,Love You So - The King Khan & BBQ Show,,wendyooo1334,2700000,18100,113700,11300
2,5,brian is the most beautiful - ❀,"viral, fyp, real, mentalhealth, relatable, sad, sadrelatable, imtired, mentalhospital",someone...idk7,1000000,0,68000,1571
2,6,original sound - I follow back 🙈,"biggynorriss, norrisnuts, capcut, glowup, edit, biggynorrisedit",where.you.are03,92600,2259,16800,2428
2,7,original sound - Movie3658,"foryou, fyp, movie, film, movies",zxhzxpxg7px,99400,160,12800,200
2,8,original sound - Volume Up,"foryou, fyp%E3%82%B7, viral, dogs, dogsoftiktok, puppylove, foryoupage",volumeupvids,1100000,12000,88600,53900
3,0,AnySoundEffects Funny Song Cavendish - Any Sound Effects,"@podfathersshow, @anniemichelle123",barstoolsports,138500,1791,5422,6728
3,1,original sound - Decor Love Language,"mrpricehome, mymrpricehome, livingroom, livingroomdecor, home, homedecor",decorlovelanguage,11500,117,671,70
3,2,Cooped Up / Return Of The Mack - Post Malone & Mark Morrison & Sickick,"diy, diyproject, diyprojects, homeinspo, inmydomaine, bedroommakeover, shiplap, myhomevibe, neutralhome",alainakathleenhome,1500000,375,48500,3392
3,3,оригинальный звук - Magnolia,"%D0%B8%D0%B4%D0%B5%D0%B8%D0%B4%D0%BB%D1%8F%D0%B4%D0%BE%D0%BC%D0%B0, %D0%BF%D0%BE%D0%BB%D0%B5%D0%B7%D0%BD%D1%8B%D0%B5%D1%81%D0%BE%D0%B2%D0%B5%D1%82%D1%8B",mnogo_idei,75700,142,22500,5151
3,4,Lollipop - CryJaxx & Justtjokay,"lampara, wallart, wallartdecor, ideiasincriveis, diy, homedecorideas, homedecor, diyproject, crafts, fyp, miguelitosdiy",miguelitosdiy,8974,67,3859,1369
3,5,It's a lovely day to day - Ella Fitzgerald,"easterdecor, springdecor, decoratewithme, springhomedecor",macy.blackwell,6374,104,483,146
3,6,原聲 - bestwindoors,"foryou, viral, fyp, windowfactory, foldingdoor, windowsanddoors, aluminumdoors, customwindow, slidingdoor, aluminumwindows",bestwindoors,187600,753,37700,34600
3,7,Vlog Music Background (Live) - Zen music,"officemakeover, renovatehouse, trashtotreasure, homemakeover, diyprojects",cameronandsadie,40800,86,1238,116
3,8,original sound - NooZay Decor,"wedding, diyweddingdecor, diyweddingideas, weddingdesign, diy, diywedding, weddingdecor, weddingdecorations, weddingdecorationideas, red, weddingplanning, silkflowers, floraldesign, luxurywedding, weddingday, weddingceremony, floral, mehndi, floralframe, indianweddings, weddinginsta, weddinginstagram, idea, backdrop, floral, whitedrapes, elegant, floralarch, diy, roundcanopy, draping",noozaydecor,5839,33,1335,985
3,9,original sound - Tyler and K9 Arlo,"@dvr2089, homerenovation, homerenovations, homerenoproject, diyhomerenovation, diyhomeprojects",down_mulberry_lane,25400,349,1960,626
3,10,الصوت الأصلي - شركة البيت الثلجي ديكورات,"%D8%AF%D9%8A%D9%83%D9%88%D8%B1%D8%A7%D8%AA_%D8%AF%D8%A7%D8%AE%D9%84%D9%8A%D9%87, %D9%88%D8%B1%D9%82_%D8%AC%D8%AF%D8%B1%D8%A7%D9%86, %D9%85%D9%88%D8%AF%D8%B1%D9%86, %D8%AA%D8%B5%D9%85%D9%8A%D9%85_%D8%AF%D8%A7%D8%AE%D9%84%D9%8A, %D9%81%D9%88%D9%85, %D8%AF%D9%8A%D9%83%D9%88%D8%B1%D8%A7%D8%AA, %D8%A7%D8%B1%D8%B6%D9%8A%D8%A7%D8%AA_%D8%AE%D8%B4%D8%A8%D9%8A%D8%A9, %D8%AC%D9%84%D8%B3%D8%A7%D8%AA_%D8%AD%D8%AF%D8%A7%D8%A6%D9%82, %D8%AF%D9%8A%D9%83%D9%88%D8%B1%D8%A7%D8%AA%D9%8A, %D9%81%D9%84%D9%84, %D8%AD%D9%85%D8%A7%D9%85%D8%A7%D8%AA, %D8%BA%D8%B1%D9%81_%D9%86%D9%88%D9%85, %D9%85%D9%81%D8%B1%D9%88%D8%B4%D8%A7%D8%AA, %D8%AF%D9%8A%D9%83%D9%88%D8%B1%D8%A7%D8%AA_%D9%85%D9%88%D8%AF%D8%B1%D9%86, %D8%AF%D9%8A%D9%83%D9%88%D8%B1%D9%8A%D8%B4%D9%86, %D8%AF%D9%8A%D9%83%D9%88%D8%B1_%D8%AC%D8%A8%D8%B3, %D8%AC%D8%AF%D8%A9_%D8%A7%D9%84%D8%A7%D9%86, %D8%AF%D9%8A%D9%83%D9%88%D8%B1%D8%A7%D8%AA_%D8%AC%D8%AF%D8%B1%D8%A7%D9%86, %D8%AF%D9%8A%D9%83%D9%88%D8%B1%D8%A7%D8%AA_%D8%AE%D8%B4%D8%A8%D9%8A%D9%87, %D9%85%D8%B3%D8%A8%D8%AD, %D8%A7%D9%8A%D9%83%D9%8A%D8%A7, %D8%AF%D9%8A%D9%83%D9%88%D8%B1%D8%A7%D8%AA_%D8%AD%D8%AF%D9%8A%D8%AB%D8%A9, %D8%AF%D9%8A%D9%83%D9%88%D8%B1_%D8%B9%D8%B5%D8%B1%D9%8A, %D8%AF%D9%8A%D9%83%D9%88%D8%B1%D8%A7%D8%AA_%D9%85%D9%86%D8%B2%D9%84%D9%8A%D8%A9, %D9%85%D8%B5%D9%85%D9%85_%D8%AF%D8%A7%D8%AE%D9%84%D9%8A, %D8%A7%D8%AB%D8%A7%D8%AB, %D8%B5%D8%A7%D9%84%D9%87, %D8%AD%D8%AF%D8%A7%D8%A6%D9%82",altalji_design,373,0,73,57900
3,11,Into the Night - Tonic Walter,"amazonhome, amazonfurniture, amazonmusthaves, amazonhomefinds, amazonfavorites, amazonmusthave, amazonfavorite, livingroomideas, amazonfinds, livingroominspiration, tvconsole, hallwaydecor, hallwaystyling, rattanfurniture, organicmodern, entrywaydecor",danielle.donohue,11500,62,6193,1162
3,12,Oblivion - Grimes,"@nia7_11, kitchenreno, kitchenappliances, kitchendesign",robertmberger,47000,209,10500,5433
3,13,original sound - TruVision Inspections,"dfwrealtor, door, doors, homeinspection, homeinspector, dfwrealestate, cool, nice, selfclosingdoor, dfwrealestateagent, realestate, realtor",truvision_inspections,26100,72,1654,1787
3,14,This Is a Work of Art (Sketchy) - Dubskie,"stewartcocarpentry, tampabay, woodworking, modernfarmhouse, modernfarmhousedecor, barndoor",stewartcocarpentry,51000,341,16100,29300
3,15,Jireh (feat. Mav City Gospel Choir) - Maverick City Music & Chandler Moore & Naomi Raine,"viral, fyp, diycrafts, orders, christmasoff%C3%A9rs, videoviral",wasam444,4449,250,645,373
3,16,original sound - enjoy your life🇸🇴🇨🇦,"muqdisho, soomali, wixi, faahfahaina, kala, xariir, faahfahaina, %F0%9F%99%8F%F0%9F%91%80%F0%9F%91%80, %F0%9F%98%8F%F0%9F%98%8D, macamiisheena",safahomedecortin4,3495,45,526,261
3,17,Flow - Jeff Kaale,"business, interiordoors, minimakeover, fyp%E3%82%B7, diyonabudget, diyonabudget, diyproject, diycheap, doormakeover, homemakeover, interiordesign, project, fyp, foryou, doors",martindiy,6771,302,1403,462
3,18,original sound - Jade Doutch,"girlvibes, kitchenextension, kitchendecor, bifolddoors, viraltiktok, organicmodern, organicmoderndecor, modernrustic, industrialmodern, howihome, homesonabudget, budgetstyling",jadedoutch,16100,35,4420,671
3,19,original sound - Meytaold,"hometour, modelhome, mnhomes, beautifulhomes, homedecorideas, homedecor",impacthometeam,2668,25,435,207
