batch,index,music,hashtag,author,likes,comments,shares,saves
1,0,original sound - ItsAndrewz🥴,,itsandrewz,623800,5518,80600,12800
1,1,original sound - 𝙹 𝙾 𝚈 𝙲 𝙴 𝙻 𝙸𝙽 💋,"serverlife, serverproblems, servertiktok, servers",lujanojoyce,146400,0,22000,847
1,2,original sound - The Relationship Hub,"lenaxmaury, fyp%E3%82%B7",selenaaryanaa,286300,418,18500,1609
1,3,Bow Bow Bow (F My Baby Dad) - Sexyy Red,,brookemonk_,196000,675,10000,487
1,4,original sound - Diamond & MOBS,"pranks, family, fun, funnyvideos",vsdiamond7,94300,891,17100,820
1,5,original sound - Ken & Mel 𖨆♡𖨆,"@stanleybrand, kenandmel, @kenandmeli",kenandmel,91400,255,7233,1095
1,6,original sound - Luminance Medical,"fyp, foryou, foryoupage, fyp%E3%82%B7, viral, fypage, fyp%E3%82%B7%E3%82%9Aviral, popular, tiktokmademebuyit, brighteyes, redlight, lifehacks, monkey",luminancered,611800,2321,51100,1870
1,7,1989 - Spotify & Yandex Music LYRICS,"y2k, y2koutfits, newrock, newrockshoes, tripp, trippnyc, bbbelt",vanceshawty,43400,1193,4567,3056
1,8,Ava - Famy,"hair, hairstyle, best, hairmenstyle, barber, fyp",misterminds_,691200,2005,61800,1639
1,9,original sound - SwagBoyQ on IG,"publicinterview, swagboyq, gift, fyp",swagboyq,52600,203,3090,40
1,10,original sound - Gia Paddock,"toddlersoftiktok, toddlerlife, momsoftiktok, momsover30, relateablecontent, relateableparenting, parenting, threenager",giapaddock,1100000,4510,40000,41100
1,11,everyone using this sound - Zup,"fyp%E3%82%B7, foryoupage, family, daughter, relatable, funny, trending, viral",parrkerrrrrr,891300,34700,111300,33500
2,0,Never Lose Me - Flo Milli,fyp,bozz.arts,3000000,10600,151700,13300
2,1,original sound - goldenbearollie,"comedy, dogsoftiktok, dogmom, goldenretriever",goldenbearollie,1300000,13600,78200,200700
2,2,оригинальный звук - ★,,bogatiinov,3500000,23700,292700,14500
2,3,twirlanta - wzvrsl,"%D0%BF%D1%83%D1%82%D0%B8%D0%BD, %D0%BF%D1%80%D0%B8%D0%BD%D1%86, %D1%81%D0%B0%D1%83%D0%B4%D0%BE%D0%B2%D1%81%D0%BA%D0%B0%D1%8F%D0%B0%D1%80%D0%B0%D0%B2%D0%B8%D1%8F",karich127,252200,997,24100,9300
2,4,original sound - Ryan Hale,"ometv, bilingual, learnchinese",ryanhaleyt,261200,1562,27000,1445
2,5,original sound - 6tjic4,"scenery, landscape, cure",6tjic4,75000,1138,7130,4666
2,6,original sound - Tamar MTmobile,"tamarshabi%F0%9F%A5%B0, repair, screen, iphone14promax, iphone, apple, foryou",tamar__mtmobile,177500,7,11800,1875
2,7,"More Passion, More Energy - WasteLand","foryou, foryour, tiktok, fyp, food, foryoupage, foryourpage, foodie, nextleveldish, foodlover, cooking, consantanderconecto",eastwood3170,70600,665,4460,606
2,8,原聲 - 懂车师姐,"driving, tips, howto, manual, skills",dongcheshijie,182600,612,30200,10100
2,9,"Le Festin (From ""Ratatouille"") - Movie Sounds Unlimited","fyp, cat, mouse, catsoftiktok, fyp%E3%82%B7%E3%82%9Aviral, cats, funny, real",meeko_z,4099999,36400,325500,149600
2,10,original sound - Music Boxing Machine,"fitness, boxingtraining, boxingdiay, boxing%F0%9F%A5%8A, boxingfans, boxingmachine, musicboxingmachine, boxinglife, boxingmachinetrend, boxingmachinechallenge, funny, foryou, usa_tiktok",24fitnessclub,786300,5524,92100,16700
2,11,original sound - Vector,,_vector_,1400000,5065,471300,156600
2,12,Perfect - Galuh,,elsarca,444700,5652,25700,6955
2,13,original sound - MOVIES 🎥 NYC,"friends, joeytribbiani, rachelgreen, tvshow, fyp, viralvideo",movies8502,735600,396,43600,447
2,14,Aesthetic - Tollan Kim,"movie, tiktok, fyp, foryou",qy.movie,513600,2205,42900,937
2,15,оригинальный звук - 🇬 🇴 🇷 🇴 🇸 🇰 🇴 🇵,"tiktok, fyp, %D0%B7%D0%BD%D0%B0%D0%BA%D0%B8%D0%B7%D0%BE%D0%B4%D0%B8%D0%B0%D0%BA%D0%B0, %D0%B7%D0%B7, %D0%B0%D1%81%D1%82%D1%80%D0%BE%D0%BB%D0%BE%D0%B3%D0%B8%D1%8F, %D0%B3%D0%BE%D1%80%D0%BE%D1%81%D0%BA%D0%BE%D0%BF",horostar,8117,645,1355,3016
2,16,original sound - The Pro Video,,theprovideo.inc,898200,3846,61200,7700
2,17,sonido original - patyramirez132,"@carnitas_don_lupe, chicarron, carnitas",patyramirez132,138600,0,7241,37600
2,18,Aesthetic - Tollan Kim,"foodreview, streetfood, foodie, food, fyp, foryou",street_food39,108000,299,5164,722
2,19,오리지널 사운드 - 그레빠체리,"@jasondchen, transitionbts, transitiontutorials, transition, couple, couplecomedy, couplegoals, funnycouple",luseeyalu,302900,1146,17900,1881
2,20,Beat - beaty,"hairgrowth, longhair, hairloss, haircare, naturalremedy",healthyfirst_,163000,12800,108200,120600
2,21,original sound - GamingJadenWilliams,"funny, funnymemes, beamngcrash, gaming, epicfail, funnyvideos, comedy, fail",gamingjadenwilliams,277600,525,21100,2745
2,22,original sound - Rabbits,"recroom, recroomgame, recroomvr, recroommemes, oculus, quest, meta, bunchorabbits",bunchorabbits,883100,6070,117900,18700
2,23,original sound - haley 🎀,"joshallen, buffalobills, fyp, foru, bills, joshallenedit, nfl",haleyy.vfx,413100,2471,50700,2804
2,24,оригинальный звук - Народный Целитель,@zdorov003,narodc3,4676,35,574,545
2,25,original sound - Kevin Silberman,"fyp, teachersoftiktok, nappingclass",silb0017,307200,0,23000,1944
2,26,original sound - 彩绘-（张世先）,,zsx8802616,168700,1609,10200,980
2,27,original sound - ꧁༺𝓑༒Ḿ༻꧂,"dragonball, animation, satisfying",supermovie04,750300,5165,94000,41200
2,28,original sound - Carsaccessorypro,"carwasher, carwashgun, pressurewasher",carsaccessorypro,1100000,12700,137300,123000
2,29,GoodGooglyMooglyyy - Undergroundmusiclover,"googlymoogly, weddingdress, bryceandchad",brycewattshansen,2500000,1829,100100,5213
3,0,original sound - l0vely_kie,"fyp, foryou, xybca, xybcafyp%E3%82%B7",l0vely_kie,113900,581,11200,1914
3,1,original sound - It’s vintage,,jamal.mkay,166200,347,14700,1303
3,2,original sound - laughFlix,"foryou, fyp, viral, movie, tv, film, xyzbca, game, storytime, dharmann",moviemirth,341900,1708,31900,721
3,3,original sound - massiah90,"jmassiah, fyp, shadowrelax, shadowthedog",jmassiah901,1600000,7609,121800,109100
3,4,original sound - ava 🧘‍♀️,,tatianakaer,237500,367,8185,859
3,5,original sound - Steve,@officialrushfam,therushgirls,161100,0,29700,650
3,6,original sound - Dr. Drip,"morethanateacher, teachersoftiktok, teacherlife, teacherfunny, claytoncounty, forestparkhighschool",_b.dallas,170500,2418,12500,2288
3,7,original sound - Nicole Maple Coenen,,nicole_coenen,1200000,35000,77900,28000
3,8,original sound - Kemkem,"fyp, fup, foryoupage, fyp%E3%82%B7foryoupage%E3%82%B7, viral",kemmm__kemmm,1949,268,116,145
3,9,som original - ⓚⓐⓘⓚ,"fyp, mewing, funny, relatable, him",buggysbestbitch,3100000,15000,165400,10700
3,10,SHAKE THAT from TEXAS BOYZ - Sounds 4 U,"freecomedy, themannii",the_mannii,32400,360,2236,233
3,11,original sound - the PRETTY CRACKHEAD 🎭,"fyp%E3%82%B7, foryoupage, therealnia, wigremoval, trending, comedy",__therealnia,624500,1806,72200,909
3,12,original sound - Unmovie247_2nd,"%F0%9F%98%82%F0%9F%98%82%F0%9F%98%82, fyp%E3%82%B7%E3%82%9Aviral, hilarious, viralvideo, funny, unmovie2nd",unmovie247_2nd,137700,1555,8466,10300
3,13,Jump Around - 30 Years Remaster - House Of Pain,"teachers, homecomingweek, spiritweek, teachersdressedasstudents, sofun, todaysgeneration",saltnthesea,2500000,5209,120500,17800
3,14,оригинальный звук - 🦇,"y2k, y2koutfits, southpole, southpolejeans, truereligion, trueleigionjeans, bbbelt, rickowens, ricks",vanceshawty,17100,752,1516,1367
3,15,original sound - AGGAYUCITA<3,,aggayucita,225500,734,7458,321
3,16,They Might Kiss x Promiscuous - They Might Kiss & relaxing music & Dj Viral TikToker & Dance Monkey & Make The Girl Dance,,kris8an,38100,378,3089,126
3,17,original sound - Mzznofilter,onthisday,mzznofilter,994000,2889,100500,12200
3,18,Without Me - rapidsongs,"fyp, petlover, dogs, dogsofttiktok, foryoupage, dog",casey.toby,31400,9990,6645,1619
3,19,original sound - Nicki Minaj✔️,"nickminaj, pinkfridaywith, nickiminajconcert, pinkfriday2unboxing, nickiminajlive, pinkfriday2, nickiminajlive, nikiminaj",nicki.minaj0863,8003,31,184,72
3,20,original sound - Colin Metzger,"fyp, funny, comedy",jack_saund3rs,36900,80,3294,1638
3,21,som original - LG,foryou,fhlouwn,18300,328,1644,50
3,22,original sound - JAYLLNN,coffee,realjayllnn,176000,2111,12900,1543
3,23,original sound - Salish & Nidal,"jordanmatter, nidalwonder, couple, salish, nidal, salishmatter",salishnidalcute,77100,765,9142,271
3,24,original sound - mckinley richardson,,mckinleyrichardson,70400,413,5931,93
3,25,som original - LG,"fyp, girls",daniela_estefaniaa,43500,708,4331,33
3,26,original sound - apsjdbks,,brookemonk_,1100000,3465,60900,3466
4,0,original sound - Ricky,,murdaricky1,684600,1736,75200,9513
4,1,original sound - TOONKA,freecomedy,the_mannii,21200,226,2590,163
4,2,original sound - daniellevoit,"@imcarolinda, catsoftiktok, siamese, catlover, nickiminaj",daniellevoit,2300000,9990,209000,22000
4,3,original sound - dempseytonksss,,dempseytonksss,493800,8990,53200,8967
4,4,original sound - nikkabesnappin,"fyp, foryou, foryoupage, bluecrabs",nikkabesnappin,216200,3637,19900,7089
4,5,original sound - ItssIMANNN,"capcut, foryourpage, parents, funnyvideos, jokes, funny",itssimannn,39000,190,8170,190
4,6,original sound - Kmrn Does Memes🫡,"viral, fyp, foryoupage, hola, meme",uglycatfromsing,445000,1545,37900,8467
4,7,original sound - Alyzay_b,"fyp, toddlersoftiktok, chriseanrock, funny, @chriseanrockbaby, @lilmabu",alyzay_b,178300,1362,21200,4159
4,8,Laughing - Gianluca Marino,"funny, funnyvideo, funnyvideos, fyp%E3%82%B7",funnymi.i,1100000,11000,94000,211100
4,9,original sound - Jay and Nia,@bloomnu,jayandnia,113300,919,4815,724
4,10,original sound - Thelolpodcast,,thelolpodcast,242600,1083,23100,260
4,11,joshuasamuels follow me - 00:00,"fyp, locs",chynnasoxtra,173700,266,6213,250
4,12,original sound - D AND LISH,"dnlish, dnlishworld, relatable, foryou",dnlishworld,4700000,21700,440300,27300
4,13,everyone using this sound - Zup,foryou,eduardtok,129100,5371,7191,730
4,14,Lovin On Me - Jack Harlow,"jackharlow, lovinonme, cats, rap, hiphop, raptok, cat, catsoftiktok, fyp",chillestcat,1800000,20800,209500,78400
4,15,original sound - Wouldyourather!,"crocs, game, yeezyslides, quiz, trivia, game, thisorthatsblv, crocs, whatwouldyouratherhave, fyp, fyp%E3%82%B7%E3%82%9Aviral, nyc, newjersey, newyorkcity",wouldyourather.officiaal,1067,499,253,413
4,16,original sound - Traveling~Quannie,"parenting, patentinghack, funny, michaeljackson",quannie323,156000,4475,16100,66500
4,17,original sound - jody💐🎀,@crybacki,_jordynmullings_3,739800,3374,98500,6075
4,18,née-nah - 21 Savage & Travis Scott & Metro Boomin,greenscreen,imnothae,204800,22600,26400,4316
4,19,Wedding March to Circus Music - Robert Tolppi,,brookemonk_,1400000,3508,92500,7986
4,20,Funny Song - Funny Song Studio & Sounds Reel,"fyp, baby, babylove, foryou, viral, cute, cutebaby, babytiktok, kids, motherlove, fatherlove",baby.ameican,127700,4448,14700,1385
4,21,original sound - Cutie Pie,"fyp, peteachers",xolazx,2200000,28000,234800,41100
4,22,original sound - Mya🐐⭐️,"flipphone, hangup, funnyvideo, skit, joke, fyp%E3%82%B7",myaspence_,1000000,3368,146700,4591
4,23,original sound - Rob,introvert,rubslifee,159200,923,15700,3745
4,24,original sound - Codename Jesse,,codenamejesse,232400,1026,35400,1864
4,25,original sound - Brooke Hyland,"@daniela_6722, dharmann, dharmannfam",venicewong4u,218100,4470,27200,351
5,0,Cute - Aurel Surya Lie,@stanleybrand,esthersoyunpark,1300000,5044,103000,4945
5,1,FE!N (feat. Playboi Carti) - Travis Scott,"@i_like_vanilla12, travisscott, travis, scott, utopia",catcosplay2,341900,4060,40400,4995
5,2,original sound - nodrama_👑✨🏝️🏦💸💎🎥,"agt, americansgottalent, singer, gottalent",nodrama_agt,2800000,25700,246100,52200
5,3,Ardo de Amor - Karly B,,karla.bustillos,433000,2920,25700,826
5,4,trap hip hop(1396717) - Jasper Lab,"microcamper, rv, camper, rvlife, rvtouring, tinyhome, tinyhomeonwheels, tinyhousetour, tinyhouseonwheels, tinyhomeliving, luxury, motorhomes, luxurylife, campertours, rvtourlife, buslife, campervan, 5thwheel, motorhometour, tinyhousetour",beerrunbus,469000,1965,54500,11700
5,5,original sound - ❣️,"capcut, templates, real, god, godisgreat, viral, jesuslovesyou, foryoupage, fyp%E3%82%B7",areliss.shh,104100,370,10900,778
5,6,original sound - Youoneweirdmf.,"fyp, viral, blowthisup, relatable",_atg.aj,2800000,8036,173000,28400
5,7,sonido original - Kristox,"fortnite, fortniteclips, fortnitetips, fortnitepro, 200iq, chapter5, gamingontiktok, tfue, foryou",packerbacker_13,347100,1211,21800,578
5,8,Monkeys Spinning Monkeys - Kevin MacLeod & Kevin The Monkey,"fyp%E3%82%B7, fyp, foryou, funnyvideos, foryoupage, pov, funny, fypage",cdfg619,320600,2666,30800,4078
