batch,index,music,hashtag,author,likes,comments,shares,saves
1,0,original sound - REEKON Tools,,reekontools,640800,3859,105200,77600
1,1,original sound - izzy,"colbybrock, colbybrockedit, fyp, viralvideo, blowup, xyz, xplrizz",xplrizz,256800,5352,84400,5602
1,2,I Wouldnt Mind - ♱,"christiantiktok, christianhumor, christianjokes, christiancomedy, christian, christianitytiktok, godisgood, jesussaves, jesusislord",dangmattsmith,162900,2900,21100,676
1,3,PLASTIC - Unghetto,"@cassie.liza, partnerchallenge, partnerstunt, liftchallenge, squat, deadlift, curl, hipthrust",2hot4u__,670400,2653,102300,33200
1,4,original sound - claybaby,@xx.baby_dary_died.xx,therealclaybaby,286900,1572,30300,7329
1,5,original sound - ugh madison,,ugh_madison,4500000,10400,292200,28600
1,6,Psst bingo you awake - ρ✩ʂ,"capcut, bluey, fyp%E3%82%B7%E3%82%9Aviral, real, blueyandbingo",soundcircuss,110300,3,13000,2679
1,7,yaal are so finee - ¥,,bby..juana,225000,778,15900,650
1,8,original sound - lacie may,"fyp, hi, countrygirl, ford, fordtrucks, minnesota",mnaveragelaciemay,64099,35600,3115,349
1,9,original sound - Nutter Butter,"@angreebird_, burger, kitchenhacks, kitchengadgets, fyp%E3%82%B7",nutterbuttergear,1730,101,299,71
1,10,SomeoneYouLoved(Cover) - 十八闲客,,opppleeen,20100,632,1644,479
1,11,original sound - Jbailey,"fyp%E3%82%B7, fy, fyp%E3%82%B7, fyp%E3%82%B7, fyp, fypage, fyp%E3%82%B7, fyp, fyp%E3%82%B7%E3%82%9Aviral, jayahxomoraaa",jaslenbailey,571,14,105,4
2,0,Paris - Else,"cinema, celebrity, hollywood, fullhouse, memories, thenandnow, fullhouse, hollywood",taylorvousraconte,43400,183,3281,203
2,1,original sound - lilmark,,lilmark_m256,439200,2563,23500,5846
2,2,original sound - SadTextStories,"@rizz.app, rizzapp, viral",sadtextstoriesx,108000,487,9129,244
2,3,original sound - 𝐄𝐯𝐚𝐧,"fyp, fyp%E3%82%B7, foryoupage, kaicenat, dukedennis",evanfrom716_,256000,929,12400,183
2,4,Fox nfl theme - Notrandompostsguy,,bidenhq,667700,6468,27600,27900
2,5,Dancin(抖音DJ热搜) - 水冰月,"minecraft, minecraftbuilding, minecrafttutorial",hiboukyt,955200,7191,280700,18100
2,6,original sound - haleyybaylee,superbowl,haleyybaylee,613700,2474,25900,2350
3,0,original sound - Collins Country,"2%F0%9F%A4%AF, diy, hometheater, basement, construction, basementrenovation, builder, dreamhome, renovation, homeimprovement, wow, goals, carpenter, interiordesign, buildit",collins.country,642100,10600,97400,93200
3,1,original sound - ABKYS,,aubreykeeyyysss,29800,1310,1072,114
3,2,original sound - FreedPosher,"caseoh, jynxzi, caseohgames, jynxziclips, caseohfunnymoments, jynxzirage",freedposher,1300000,4358,125700,2860
3,3,original sound - Xen EHarvey,"fortnite, fortnitetips, fortnitetipsandtricks, fortnitefunny, fortnitefunnymoments, crosshairx",eharveyy,187300,1408,15400,179
3,4,original sound - fr0sty_rick,"fyp%E3%82%B7, relatable, trending, aylecia, blowthisup, viral, qtips",leci.bby,280300,628,15600,165
3,5,dance the night away sped - 💗 S O U N D S 🐆,"taylorxhairstyles, hairstyle, halfuphalfdown, hair, hairtok, school, schoolhairstyles, schoolhair, clawclip, clawcliphack, hairhack",taylor_pfeffer,63300,355,17500,2111
3,6,original sound - cardogjones,"nostalgiatrip, nostalgiacore, nostalgiamemes, nostalgiatrip, nostalgic, childhood, childhoodmememories%F0%9F%98%8D%F0%9F%98%8D, memories, 2000s, 2010s, feverdream, memes, funny, funnymemes, hilarious, bestmeme, schoolmeme, schoolmemes, memories",cardogjonesreturns,284900,1756,25000,568
4,0,original sound - Shlatfish,,shlatfish,3700000,33800,563800,60300
4,1,PRINCE OF DARKNESS - 派小星,"fortnite, fortniteclips, gaming, fyp, foryou",johtsu,299900,1114,18100,1187
4,2,original sound - More Co1in,,moreco1in,709200,1956,53000,1146
4,3,original sound - Sam Middleton,,itz_justlola,268200,951,20300,3820
5,0,I'm coming for it all - flvmey,"motorcycle, gta, bikelife, rainbow",sixstarstunts,44000,135,4973,393
5,1,original sound - Jon-Bernard Kairouz,"haircut, barber, woke, comedy, barbershop, hair",jonbernardk,5400000,38100,342000,146500
5,2,It's Not so Bad - Cummrs,recovery,paulieepaull,19400,1258,1837,57
5,3,original sound - Cxnary,"signs, psychology, language, social, culture, education, world, country, fun, fyp, xyzbca",officialcxnary,155800,2383,27700,1317
5,4,original sound - CFood_dbe,"reels, @jinacii, @lilcfood",cfood_dbe,89000,300,9970,413
5,5,sonido original - Kimberly Loaiza,,kimberly.loaiza,1900000,6015,97100,2829
5,6,original sound - TheHeartbreaks,"@xe.ds, stud, viral, foryou, fyp, trending",theheartbreaks,36800,480,4323,754
5,7,original sound - New2024NYPD,"cop, cops, copsoftiktok, police, woman, walmart",new2024nypd,150200,892,7503,695
5,8,original sound - Tami Roman,"ima, blackmother, period, fyp, tamiroman, bonnetchronicles, 2024, happynewyear",officialtamiroman,1200000,20200,95600,72000
5,9,original sound - stephxlac,"pregnant, pregnanttiktok, pregnant%F0%9F%A4%B0, genderreveal, mom, parents",stephxlac,746100,5885,58400,2023
5,10,original sound - McPlayGT,"mcplaygt, asiancardib, fyp, foryou, foryoupage, prank, comedy, trend, trending, viral, asian, pranks, nyc, newyork, newyorkcity, new, newtrend, newchallenge",mcplaygt,462900,2300,26300,2038
5,11,This Is What You Came For - Calvin Harris & Rihanna,"mom, @lovelymimi865, cussing, language",jayjayhere0_0,631200,1157,36200,3942
5,12,everything works out in the end (best part looped) - ciaffa & fedo DJ,fyp,cl1psviral,1500000,3526,97000,1083
5,13,original sound - L.Neal,"teacher, teacherskid, teacherkids, ofcourse, ofcoursetrend, teach, teachersoftiktok, teacherlife, teachertok, teaching, teachersbelike, teachertiktok, teachersontiktok, schooltok, schooltiktok",l.neal,335000,2296,21000,9273
5,14,originalljud - PunchFlow,"fyp%E3%82%B7, viral, musthave, tiktokmademebuyit, christmasgift, amazonfinds",punchflow.official,374900,3022,48200,12300
5,15,original sound - Barstool Sports,@podfathersshow,barstoolsports,202900,531,16700,2837
5,16,original sound - 𝐒𝐀𝐑𝐀𝐇,"lashes, prettyzaza, fypage, hair",itsprettyzaza,75300,564,9594,148
5,17,Perfect - Ed Sheeran,"fyp, animals, rescue, rescueanimals, duck",revive_animals,150400,1106,13800,4345
5,18,original sound - brett.michaels,"squattedtrucks, carolinatrucks, trucks, carolinasquat, diesel",brett.michaels,23100,160,4535,775
5,19,Creepy simple horror ambient(1270589) - howlingindicator,"curiosity, facts, satisfying, learnontiktok, satisfyingvideo, randomfacts, satisfyingvideos",winningspirit_,13300,4145,2104,25300
5,20,original sound - spo6kzie,"rupee7ft2baller, foryoupage, rizz, college",rupeekolawole,1200000,11100,76700,12100
5,21,original sound - The Reddit Cook,"reddit, redditstories, redditstory, redditreadings, redditstorytime, reddit_tiktok, fyp, viral, foryoupage, stories, usa",the_reddit_cook,463000,12500,82600,16800
5,22,som original - spider_slack,,spider_slack,520700,2695,33300,3931
5,23,YKWIM? - 东 百 下小 雨,"viral, sad, love, pain, real",silkyslive,561000,20200,54000,7724
5,24,son original - 𝗧𝗢𝗕𝗜,"fortniteclips, fortnitebr, fortnitememes, fortnite, viral",tobi_exee,2900000,17100,359900,132600
5,25,original sound - torross.crafted,"leathercraft, asmr",torross.crafted,769900,5659,54900,8980
5,26,original sound - Cool Grandpa👴🏼,"grandpa, fypisbroken, joke, comedy, jokes, relatable, fyp%E3%82%B7%E3%82%9Aviral, funny, homealone",theverycoolgrandpa,2100000,23000,260600,27200
5,27,original sound - That funny guy 😆,tiktok,lilwavvevlogs,2200000,28000,268800,29000
5,28,GTAmapiano - Jaydon Lewis,,assttrogirl,104200,213,3205,156
